day,category,launched,intercepted,not_confirmed_intercepted,source_records
2022-09-28 00:00:00+00:00,missile,5.0,4.0,1.0,1
2022-09-28 00:00:00+00:00,uav,3.0,3.0,0.0,1
2022-09-29 00:00:00+00:00,uav,7.0,5.0,2.0,1
2022-09-30 00:00:00+00:00,missile,3.0,3.0,0.0,1
2022-10-01 00:00:00+00:00,missile,1.0,1.0,0.0,1
2022-10-02 00:00:00+00:00,uav,7.0,5.0,2.0,1
2022-10-05 00:00:00+00:00,missile,1.0,1.0,0.0,1
2022-10-05 00:00:00+00:00,uav,7.0,7.0,0.0,2
2022-10-06 00:00:00+00:00,missile,3.0,3.0,0.0,3
2022-10-06 00:00:00+00:00,uav,14.0,14.0,0.0,3
2022-10-07 00:00:00+00:00,uav,3.0,3.0,0.0,1
2022-10-08 00:00:00+00:00,uav,3.0,3.0,0.0,2
2022-10-09 00:00:00+00:00,missile,22.0,1.0,21.0,3
2022-10-10 00:00:00+00:00,missile,84.0,43.0,41.0,1
2022-10-10 00:00:00+00:00,uav,24.0,13.0,11.0,2
2022-10-11 00:00:00+00:00,missile,28.0,20.0,8.0,1
2022-10-11 00:00:00+00:00,uav,34.0,34.0,0.0,3
2022-10-12 00:00:00+00:00,missile,2.0,2.0,0.0,1
2022-10-12 00:00:00+00:00,uav,17.0,17.0,0.0,1
2022-10-13 00:00:00+00:00,missile,5.0,5.0,0.0,1
2022-10-13 00:00:00+00:00,uav,6.0,6.0,0.0,1
2022-10-14 00:00:00+00:00,uav,8.0,8.0,0.0,1
2022-10-15 00:00:00+00:00,uav,6.0,6.0,0.0,1
2022-10-16 00:00:00+00:00,uav,11.0,11.0,0.0,1
2022-10-17 00:00:00+00:00,missile,5.0,5.0,0.0,2
2022-10-17 00:00:00+00:00,uav,34.0,34.0,0.0,3
2022-10-18 00:00:00+00:00,missile,5.0,5.0,0.0,2
2022-10-18 00:00:00+00:00,uav,6.0,6.0,0.0,1
2022-10-19 00:00:00+00:00,missile,6.0,4.0,2.0,1
2022-10-19 00:00:00+00:00,uav,23.0,23.0,0.0,2
2022-10-20 00:00:00+00:00,uav,14.0,14.0,0.0,1
2022-10-22 00:00:00+00:00,missile,33.0,18.0,15.0,2
2022-10-22 00:00:00+00:00,uav,10.0,10.0,0.0,1
2022-10-23 00:00:00+00:00,uav,16.0,16.0,0.0,1
2022-10-25 00:00:00+00:00,uav,3.0,3.0,0.0,2
2022-10-26 00:00:00+00:00,missile,1.0,1.0,0.0,1
2022-10-26 00:00:00+00:00,uav,20.0,19.0,1.0,1
2022-10-31 00:00:00+00:00,missile,50.0,44.0,6.0,1
2022-11-01 00:00:00+00:00,uav,20.0,19.0,1.0,4
2022-11-03 00:00:00+00:00,uav,9.0,9.0,0.0,1
2022-11-04 00:00:00+00:00,missile,2.0,2.0,0.0,1
2022-11-04 00:00:00+00:00,uav,14.0,14.0,0.0,2
2022-11-09 00:00:00+00:00,missile,1.0,1.0,0.0,1
2022-11-09 00:00:00+00:00,uav,5.0,5.0,0.0,1
2022-11-14 00:00:00+00:00,uav,2.0,2.0,0.0,1
2022-11-15 00:00:00+00:00,missile,100.0,79.0,21.0,4
2022-11-15 00:00:00+00:00,uav,10.0,10.0,0.0,1
2022-11-17 00:00:00+00:00,missile,20.0,6.0,14.0,2
2022-11-17 00:00:00+00:00,uav,5.0,5.0,0.0,1
2022-11-23 00:00:00+00:00,missile,75.0,56.0,19.0,2
2022-12-05 00:00:00+00:00,missile,70.0,60.0,10.0,5
2022-12-07 00:00:00+00:00,missile,1.0,1.0,0.0,1
2022-12-07 00:00:00+00:00,uav,13.0,13.0,0.0,2
2022-12-10 00:00:00+00:00,uav,15.0,10.0,5.0,1
2022-12-14 00:00:00+00:00,uav,13.0,13.0,0.0,1
2022-12-16 00:00:00+00:00,missile,103.0,60.0,43.0,4
2022-12-19 00:00:00+00:00,uav,35.0,30.0,5.0,1
2022-12-20 00:00:00+00:00,missile,1.0,1.0,0.0,1
2022-12-20 00:00:00+00:00,uav,1.0,1.0,0.0,1
2022-12-22 00:00:00+00:00,missile,1.0,1.0,0.0,1
2022-12-29 00:00:00+00:00,missile,74.0,62.0,12.0,5
2022-12-30 00:00:00+00:00,uav,16.0,16.0,0.0,1
2022-12-31 00:00:00+00:00,missile,21.0,13.0,8.0,2
2023-01-01 00:00:00+00:00,uav,45.0,45.0,0.0,1
2023-01-02 00:00:00+00:00,missile,2.0,2.0,0.0,2
2023-01-02 00:00:00+00:00,uav,39.0,39.0,0.0,1
2023-01-11 00:00:00+00:00,missile,2.0,2.0,0.0,2
2023-01-11 00:00:00+00:00,uav,1.0,1.0,0.0,1
2023-01-12 00:00:00+00:00,missile,1.0,1.0,0.0,1
2023-01-14 00:00:00+00:00,missile,38.0,25.0,13.0,5
2023-01-20 00:00:00+00:00,missile,2.0,2.0,0.0,2
2023-01-23 00:00:00+00:00,missile,3.0,3.0,0.0,2
2023-01-25 00:00:00+00:00,missile,1.0,1.0,0.0,1
2023-01-26 00:00:00+00:00,missile,55.0,47.0,8.0,4
2023-01-26 00:00:00+00:00,uav,24.0,24.0,0.0,1
2023-02-09 00:00:00+00:00,missile,107.0,62.0,45.0,4
2023-02-09 00:00:00+00:00,uav,7.0,5.0,2.0,1
2023-02-10 00:00:00+00:00,uav,20.0,20.0,0.0,1
2023-02-11 00:00:00+00:00,missile,1.0,1.0,0.0,1
2023-02-11 00:00:00+00:00,uav,4.0,4.0,0.0,1
2023-02-15 00:00:00+00:00,uav,1.0,1.0,0.0,1
2023-02-16 00:00:00+00:00,missile,35.0,16.0,19.0,6
2023-02-18 00:00:00+00:00,missile,4.0,2.0,2.0,1
2023-02-27 00:00:00+00:00,uav,14.0,11.0,3.0,1
2023-03-01 00:00:00+00:00,uav,4.0,4.0,0.0,1
2023-03-06 00:00:00+00:00,uav,15.0,13.0,2.0,1
2023-03-08 00:00:00+00:00,uav,2.0,2.0,0.0,1
2023-03-09 00:00:00+00:00,missile,81.0,34.0,47.0,7
2023-03-09 00:00:00+00:00,uav,8.0,4.0,4.0,1
2023-03-14 00:00:00+00:00,missile,4.0,0.0,4.0,1
2023-03-17 00:00:00+00:00,uav,16.0,11.0,5.0,1
2023-03-21 00:00:00+00:00,missile,2.0,2.0,0.0,1
2023-03-21 00:00:00+00:00,uav,21.0,16.0,5.0,1
2023-03-23 00:00:00+00:00,missile,2.0,2.0,0.0,1
2023-03-27 00:00:00+00:00,missile,3.0,1.0,2.0,2
2023-03-27 00:00:00+00:00,uav,13.0,12.0,1.0,1
2023-03-30 00:00:00+00:00,uav,10.0,9.0,1.0,1
2023-04-04 00:00:00+00:00,uav,17.0,14.0,3.0,1
2023-04-08 00:00:00+00:00,missile,1.0,1.0,0.0,1
2023-04-10 00:00:00+00:00,missile,2.0,2.0,0.0,2
2023-04-18 00:00:00+00:00,missile,1.0,1.0,0.0,1
2023-04-18 00:00:00+00:00,uav,8.0,6.0,2.0,1
2023-04-19 00:00:00+00:00,uav,23.0,20.0,3.0,2
2023-04-21 00:00:00+00:00,uav,17.0,12.0,5.0,2
2023-04-22 00:00:00+00:00,missile,4.0,4.0,0.0,1
2023-04-23 00:00:00+00:00,missile,1.0,1.0,0.0,1
2023-04-24 00:00:00+00:00,missile,2.0,2.0,0.0,1
2023-04-24 00:00:00+00:00,uav,7.0,7.0,0.0,2
2023-04-26 00:00:00+00:00,missile,6.0,6.0,0.0,2
2023-04-28 00:00:00+00:00,missile,23.0,21.0,2.0,1
2023-04-28 00:00:00+00:00,uav,2.0,2.0,0.0,1
2023-04-29 00:00:00+00:00,uav,3.0,3.0,0.0,2
2023-05-01 00:00:00+00:00,missile,18.0,15.0,3.0,1
2023-05-02 00:00:00+00:00,uav,26.0,21.0,5.0,1
2023-05-03 00:00:00+00:00,missile,3.0,3.0,0.0,2
2023-05-03 00:00:00+00:00,uav,1.0,1.0,0.0,1
2023-05-04 00:00:00+00:00,missile,1.0,1.0,0.0,1
2023-05-04 00:00:00+00:00,uav,25.0,19.0,6.0,2
2023-05-05 00:00:00+00:00,uav,2.0,2.0,0.0,1
2023-05-06 00:00:00+00:00,missile,1.0,1.0,0.0,1
2023-05-06 00:00:00+00:00,uav,12.0,12.0,0.0,2
2023-05-08 00:00:00+00:00,missile,19.0,11.0,8.0,4
2023-05-08 00:00:00+00:00,uav,35.0,35.0,0.0,1
2023-05-09 00:00:00+00:00,missile,17.0,15.0,2.0,1
2023-05-09 00:00:00+00:00,uav,3.0,3.0,0.0,1
2023-05-12 00:00:00+00:00,missile,4.0,4.0,0.0,1
2023-05-13 00:00:00+00:00,missile,1.0,1.0,0.0,1
2023-05-13 00:00:00+00:00,uav,21.0,17.0,4.0,1
2023-05-14 00:00:00+00:00,missile,10.0,10.0,0.0,6
2023-05-14 00:00:00+00:00,uav,26.0,26.0,0.0,3
2023-05-15 00:00:00+00:00,missile,4.0,4.0,0.0,3
2023-05-16 00:00:00+00:00,missile,29.0,29.0,0.0,6
2023-05-16 00:00:00+00:00,uav,7.0,7.0,0.0,2
2023-05-17 00:00:00+00:00,missile,30.0,29.0,1.0,3
2023-05-17 00:00:00+00:00,uav,4.0,4.0,0.0,2
2023-05-19 00:00:00+00:00,missile,7.0,4.0,3.0,2
2023-05-19 00:00:00+00:00,uav,24.0,18.0,6.0,2
2023-05-20 00:00:00+00:00,missile,2.0,2.0,0.0,2
2023-05-20 00:00:00+00:00,uav,25.0,25.0,0.0,3
2023-05-21 00:00:00+00:00,missile,3.0,3.0,0.0,3
2023-05-22 00:00:00+00:00,missile,18.0,6.0,12.0,5
2023-05-22 00:00:00+00:00,uav,20.0,20.0,0.0,1
2023-05-23 00:00:00+00:00,uav,6.0,6.0,0.0,1
2023-05-25 00:00:00+00:00,missile,19.0,12.0,7.0,4
2023-05-25 00:00:00+00:00,uav,67.0,59.0,8.0,2
2023-05-28 00:00:00+00:00,uav,54.0,52.0,2.0,1
2023-05-29 00:00:00+00:00,missile,51.0,48.0,3.0,2
2023-05-29 00:00:00+00:00,uav,67.0,59.0,8.0,3
2023-05-31 00:00:00+00:00,missile,5.0,5.0,0.0,3
2023-06-01 00:00:00+00:00,missile,10.0,10.0,0.0,2
2023-06-01 00:00:00+00:00,uav,21.0,21.0,0.0,1
2023-06-02 00:00:00+00:00,missile,15.0,15.0,0.0,1
2023-06-04 00:00:00+00:00,missile,6.0,4.0,2.0,1
2023-06-04 00:00:00+00:00,uav,5.0,3.0,2.0,1
2023-06-06 00:00:00+00:00,missile,35.0,35.0,0.0,1
2023-06-07 00:00:00+00:00,missile,2.0,2.0,0.0,2
2023-06-08 00:00:00+00:00,missile,12.0,8.0,4.0,3
2023-06-08 00:00:00+00:00,uav,16.0,10.0,6.0,1
2023-06-09 00:00:00+00:00,missile,20.0,14.0,6.0,2
2023-06-09 00:00:00+00:00,uav,35.0,20.0,15.0,1
2023-06-11 00:00:00+00:00,uav,6.0,6.0,0.0,1
2023-06-13 00:00:00+00:00,missile,14.0,10.0,4.0,1
2023-06-13 00:00:00+00:00,uav,4.0,1.0,3.0,1
2023-06-14 00:00:00+00:00,missile,10.0,3.0,7.0,2
2023-06-14 00:00:00+00:00,uav,10.0,9.0,1.0,1
2023-06-15 00:00:00+00:00,missile,9.0,6.0,3.0,5
2023-06-15 00:00:00+00:00,uav,21.0,21.0,0.0,2
2023-06-16 00:00:00+00:00,missile,12.0,12.0,0.0,2
2023-06-16 00:00:00+00:00,uav,4.0,4.0,0.0,2
2023-06-17 00:00:00+00:00,missile,8.0,8.0,0.0,2
2023-06-17 00:00:00+00:00,uav,4.0,4.0,0.0,1
2023-06-19 00:00:00+00:00,missile,4.0,4.0,0.0,1
2023-06-19 00:00:00+00:00,uav,4.0,4.0,0.0,1
2023-06-20 00:00:00+00:00,uav,45.0,42.0,3.0,3
2023-06-22 00:00:00+00:00,missile,6.0,0.0,6.0,2
2023-06-22 00:00:00+00:00,uav,4.0,3.0,1.0,1
2023-06-23 00:00:00+00:00,missile,13.0,13.0,0.0,1
2023-06-23 00:00:00+00:00,uav,1.0,1.0,0.0,1
2023-06-24 00:00:00+00:00,missile,51.0,41.0,10.0,3
2023-06-24 00:00:00+00:00,uav,2.0,2.0,0.0,1
2023-06-26 00:00:00+00:00,missile,3.0,2.0,1.0,1
2023-06-26 00:00:00+00:00,uav,12.0,11.0,1.0,2
2023-06-28 00:00:00+00:00,uav,6.0,6.0,0.0,1
2023-06-30 00:00:00+00:00,missile,4.0,0.0,4.0,1
2023-06-30 00:00:00+00:00,uav,13.0,10.0,3.0,1
2023-07-02 00:00:00+00:00,missile,3.0,3.0,0.0,1
2023-07-02 00:00:00+00:00,uav,8.0,8.0,0.0,1
2023-07-03 00:00:00+00:00,uav,17.0,13.0,4.0,1
2023-07-05 00:00:00+00:00,missile,8.0,8.0,0.0,4
2023-07-06 00:00:00+00:00,missile,10.0,7.0,3.0,1
2023-07-07 00:00:00+00:00,uav,18.0,12.0,6.0,1
2023-07-08 00:00:00+00:00,uav,5.0,5.0,0.0,1
2023-07-10 00:00:00+00:00,missile,3.0,3.0,0.0,1
2023-07-10 00:00:00+00:00,uav,4.0,4.0,0.0,1
2023-07-11 00:00:00+00:00,missile,1.0,1.0,0.0,1
2023-07-11 00:00:00+00:00,uav,28.0,26.0,2.0,1
2023-07-12 00:00:00+00:00,uav,15.0,11.0,4.0,1
2023-07-13 00:00:00+00:00,missile,3.0,2.0,1.0,2
2023-07-13 00:00:00+00:00,uav,44.0,43.0,1.0,4
2023-07-14 00:00:00+00:00,missile,6.0,6.0,0.0,2
2023-07-15 00:00:00+00:00,uav,6.0,4.0,2.0,1
2023-07-17 00:00:00+00:00,missile,1.0,1.0,0.0,1
2023-07-17 00:00:00+00:00,uav,12.0,12.0,0.0,2
2023-07-18 00:00:00+00:00,missile,6.0,6.0,0.0,1
2023-07-18 00:00:00+00:00,uav,37.0,32.0,5.0,2
2023-07-19 00:00:00+00:00,missile,31.0,14.0,17.0,4
2023-07-19 00:00:00+00:00,uav,32.0,23.0,9.0,1
2023-07-20 00:00:00+00:00,missile,19.0,5.0,14.0,4
2023-07-20 00:00:00+00:00,uav,19.0,13.0,6.0,1
2023-07-21 00:00:00+00:00,uav,9.0,9.0,0.0,1
2023-07-22 00:00:00+00:00,uav,5.0,5.0,0.0,1
2023-07-23 00:00:00+00:00,missile,19.0,11.0,8.0,5
2023-07-24 00:00:00+00:00,uav,3.0,3.0,0.0,1
2023-07-26 00:00:00+00:00,missile,43.0,36.0,7.0,3
2023-07-27 00:00:00+00:00,missile,2.0,0.0,2.0,1
2023-07-27 00:00:00+00:00,uav,8.0,8.0,0.0,1
2023-07-29 00:00:00+00:00,uav,4.0,4.0,0.0,1
2023-07-30 00:00:00+00:00,uav,4.0,4.0,0.0,1
2023-08-02 00:00:00+00:00,uav,30.0,30.0,0.0,2
2023-08-03 00:00:00+00:00,uav,15.0,15.0,0.0,1
2023-08-05 00:00:00+00:00,missile,43.0,31.0,12.0,4
2023-08-05 00:00:00+00:00,uav,27.0,27.0,0.0,1
2023-08-10 00:00:00+00:00,uav,10.0,7.0,3.0,1
2023-08-11 00:00:00+00:00,missile,4.0,1.0,3.0,1
2023-08-12 00:00:00+00:00,uav,5.0,3.0,2.0,1
2023-08-14 00:00:00+00:00,missile,11.0,9.0,2.0,2
2023-08-14 00:00:00+00:00,uav,15.0,15.0,0.0,1
2023-08-15 00:00:00+00:00,missile,36.0,16.0,20.0,4
2023-08-15 00:00:00+00:00,uav,13.0,13.0,0.0,1
2023-08-16 00:00:00+00:00,uav,3.0,3.0,0.0,1
2023-08-18 00:00:00+00:00,missile,1.0,1.0,0.0,1
2023-08-18 00:00:00+00:00,uav,6.0,6.0,0.0,1
2023-08-19 00:00:00+00:00,uav,17.0,15.0,2.0,1
2023-08-23 00:00:00+00:00,uav,20.0,11.0,9.0,1
2023-08-24 00:00:00+00:00,missile,1.0,1.0,0.0,1
2023-08-25 00:00:00+00:00,missile,4.0,4.0,0.0,2
2023-08-25 00:00:00+00:00,uav,1.0,1.0,0.0,1
2023-08-26 00:00:00+00:00,uav,2.0,2.0,0.0,1
2023-08-27 00:00:00+00:00,missile,8.0,4.0,4.0,1
2023-08-27 00:00:00+00:00,uav,2.0,2.0,0.0,1
2023-08-28 00:00:00+00:00,missile,6.0,4.0,2.0,2
2023-08-30 00:00:00+00:00,missile,28.0,28.0,0.0,1
2023-08-30 00:00:00+00:00,uav,16.0,15.0,1.0,1
2023-09-01 00:00:00+00:00,missile,2.0,1.0,1.0,1
2023-09-03 00:00:00+00:00,uav,25.0,22.0,3.0,1
2023-09-04 00:00:00+00:00,uav,32.0,23.0,9.0,1
2023-09-06 00:00:00+00:00,missile,8.0,8.0,0.0,2
2023-09-06 00:00:00+00:00,uav,25.0,15.0,10.0,1
2023-09-07 00:00:00+00:00,uav,33.0,25.0,8.0,1
2023-09-08 00:00:00+00:00,uav,20.0,16.0,4.0,1
2023-09-10 00:00:00+00:00,uav,33.0,26.0,7.0,1
2023-09-11 00:00:00+00:00,uav,13.0,13.0,0.0,2
2023-09-13 00:00:00+00:00,uav,66.0,49.0,17.0,2
2023-09-15 00:00:00+00:00,uav,17.0,17.0,0.0,1
2023-09-17 00:00:00+00:00,missile,10.0,6.0,4.0,1
2023-09-17 00:00:00+00:00,uav,6.0,6.0,0.0,1
2023-09-18 00:00:00+00:00,missile,17.0,17.0,0.0,1
2023-09-18 00:00:00+00:00,uav,24.0,18.0,6.0,1
2023-09-19 00:00:00+00:00,missile,1.0,0.0,1.0,1
2023-09-19 00:00:00+00:00,uav,31.0,28.0,3.0,2
2023-09-20 00:00:00+00:00,uav,24.0,17.0,7.0,1
2023-09-21 00:00:00+00:00,missile,49.0,36.0,13.0,2
2023-09-23 00:00:00+00:00,missile,2.0,2.0,0.0,1
2023-09-23 00:00:00+00:00,uav,15.0,14.0,1.0,1
2023-09-24 00:00:00+00:00,missile,3.0,3.0,0.0,1
2023-09-24 00:00:00+00:00,uav,4.0,4.0,0.0,1
2023-09-25 00:00:00+00:00,missile,14.0,11.0,3.0,2
2023-09-25 00:00:00+00:00,uav,19.0,19.0,0.0,1
2023-09-26 00:00:00+00:00,uav,38.0,26.0,12.0,1
2023-09-27 00:00:00+00:00,missile,6.0,6.0,0.0,1
2023-09-28 00:00:00+00:00,uav,44.0,34.0,10.0,1
2023-09-30 00:00:00+00:00,uav,40.0,30.0,10.0,1
2023-10-01 00:00:00+00:00,missile,3.0,3.0,0.0,1
2023-10-01 00:00:00+00:00,uav,30.0,16.0,14.0,1
2023-10-02 00:00:00+00:00,uav,7.0,4.0,3.0,1
2023-10-03 00:00:00+00:00,missile,1.0,1.0,0.0,1
2023-10-03 00:00:00+00:00,uav,31.0,29.0,2.0,1
2023-10-05 00:00:00+00:00,uav,29.0,24.0,5.0,1
2023-10-06 00:00:00+00:00,uav,33.0,25.0,8.0,1
2023-10-10 00:00:00+00:00,uav,36.0,27.0,9.0,1
2023-10-11 00:00:00+00:00,missile,1.0,1.0,0.0,1
2023-10-12 00:00:00+00:00,uav,33.0,28.0,5.0,1
2023-10-15 00:00:00+00:00,uav,1.0,1.0,0.0,1
2023-10-16 00:00:00+00:00,missile,6.0,2.0,4.0,2
2023-10-16 00:00:00+00:00,uav,12.0,11.0,1.0,1
2023-10-17 00:00:00+00:00,missile,3.0,1.0,2.0,2
2023-10-17 00:00:00+00:00,uav,6.0,6.0,0.0,1
2023-10-18 00:00:00+00:00,missile,9.0,2.0,7.0,5
2023-10-18 00:00:00+00:00,uav,9.0,3.0,6.0,1
2023-10-21 00:00:00+00:00,missile,3.0,3.0,0.0,1
2023-10-22 00:00:00+00:00,missile,9.0,1.0,8.0,2
2023-10-22 00:00:00+00:00,uav,5.0,3.0,2.0,2
2023-10-23 00:00:00+00:00,missile,1.0,1.0,0.0,1
2023-10-23 00:00:00+00:00,uav,14.0,14.0,0.0,2
2023-10-24 00:00:00+00:00,missile,1.0,1.0,0.0,1
2023-10-24 00:00:00+00:00,uav,6.0,6.0,0.0,1
2023-10-25 00:00:00+00:00,uav,11.0,11.0,0.0,1
2023-10-27 00:00:00+00:00,missile,6.0,5.0,1.0,3
2023-10-27 00:00:00+00:00,uav,6.0,5.0,1.0,1
2023-10-28 00:00:00+00:00,missile,4.0,3.0,1.0,1
2023-10-29 00:00:00+00:00,missile,7.0,6.0,1.0,4
2023-10-29 00:00:00+00:00,uav,17.0,17.0,0.0,2
2023-10-30 00:00:00+00:00,missile,2.0,2.0,0.0,1
2023-10-31 00:00:00+00:00,missile,4.0,4.0,0.0,2
2023-10-31 00:00:00+00:00,uav,1.0,1.0,0.0,1
2023-11-01 00:00:00+00:00,missile,4.0,4.0,0.0,3
2023-11-01 00:00:00+00:00,uav,20.0,18.0,2.0,1
2023-11-02 00:00:00+00:00,missile,2.0,2.0,0.0,2
2023-11-03 00:00:00+00:00,missile,2.0,2.0,0.0,2
2023-11-03 00:00:00+00:00,uav,40.0,24.0,16.0,1
2023-11-04 00:00:00+00:00,missile,3.0,3.0,0.0,1
2023-11-04 00:00:00+00:00,uav,2.0,2.0,0.0,1
2023-11-05 00:00:00+00:00,missile,5.0,2.0,3.0,5
2023-11-05 00:00:00+00:00,uav,22.0,15.0,7.0,1
2023-11-06 00:00:00+00:00,missile,1.0,0.0,1.0,1
2023-11-06 00:00:00+00:00,uav,1.0,1.0,0.0,1
2023-11-09 00:00:00+00:00,missile,1.0,1.0,0.0,1
2023-11-10 00:00:00+00:00,missile,6.0,2.0,4.0,6
2023-11-10 00:00:00+00:00,uav,37.0,24.0,13.0,2
2023-11-11 00:00:00+00:00,missile,1.0,1.0,0.0,1
2023-11-12 00:00:00+00:00,missile,3.0,1.0,2.0,2
2023-11-13 00:00:00+00:00,missile,5.0,5.0,0.0,2
2023-11-14 00:00:00+00:00,missile,2.0,0.0,2.0,2
2023-11-14 00:00:00+00:00,uav,9.0,7.0,2.0,1
2023-11-15 00:00:00+00:00,missile,1.0,1.0,0.0,1
2023-11-16 00:00:00+00:00,uav,18.0,16.0,2.0,1
2023-11-17 00:00:00+00:00,uav,48.0,38.0,10.0,2
2023-11-19 00:00:00+00:00,uav,20.0,15.0,5.0,1
2023-11-21 00:00:00+00:00,missile,7.0,2.0,5.0,4
2023-11-21 00:00:00+00:00,uav,24.0,23.0,1.0,2
2023-11-22 00:00:00+00:00,uav,2.0,2.0,0.0,1
2023-11-24 00:00:00+00:00,missile,1.0,1.0,0.0,1
2023-11-24 00:00:00+00:00,uav,3.0,3.0,0.0,1
2023-11-25 00:00:00+00:00,missile,1.0,1.0,0.0,1
2023-11-25 00:00:00+00:00,uav,75.0,74.0,1.0,1
2023-11-26 00:00:00+00:00,uav,9.0,8.0,1.0,1
2023-11-28 00:00:00+00:00,missile,3.0,2.0,1.0,3
2023-11-28 00:00:00+00:00,uav,2.0,2.0,0.0,2
2023-11-29 00:00:00+00:00,missile,3.0,2.0,1.0,1
2023-11-29 00:00:00+00:00,uav,21.0,21.0,0.0,1
2023-11-30 00:00:00+00:00,missile,8.0,0.0,8.0,1
2023-11-30 00:00:00+00:00,uav,20.0,14.0,6.0,1
2023-12-01 00:00:00+00:00,missile,3.0,2.0,1.0,2
2023-12-01 00:00:00+00:00,uav,25.0,18.0,7.0,1
2023-12-02 00:00:00+00:00,missile,1.0,0.0,1.0,1
2023-12-02 00:00:00+00:00,uav,11.0,10.0,1.0,1
2023-12-03 00:00:00+00:00,missile,2.0,1.0,1.0,2
2023-12-03 00:00:00+00:00,uav,12.0,10.0,2.0,1
2023-12-04 00:00:00+00:00,missile,1.0,1.0,0.0,1
2023-12-04 00:00:00+00:00,uav,23.0,18.0,5.0,1
2023-12-05 00:00:00+00:00,missile,12.0,6.0,6.0,5
2023-12-05 00:00:00+00:00,uav,18.0,11.0,7.0,2
2023-12-06 00:00:00+00:00,missile,2.0,2.0,0.0,2
2023-12-06 00:00:00+00:00,uav,48.0,41.0,7.0,1
2023-12-07 00:00:00+00:00,uav,18.0,15.0,3.0,1
2023-12-08 00:00:00+00:00,missile,25.0,14.0,11.0,2
2023-12-08 00:00:00+00:00,uav,7.0,7.0,0.0,1
2023-12-11 00:00:00+00:00,missile,10.0,10.0,0.0,3
2023-12-11 00:00:00+00:00,uav,18.0,18.0,0.0,1
2023-12-12 00:00:00+00:00,uav,15.0,9.0,6.0,1
2023-12-13 00:00:00+00:00,missile,10.0,10.0,0.0,1
2023-12-13 00:00:00+00:00,uav,52.0,51.0,1.0,2
2023-12-14 00:00:00+00:00,missile,1.0,0.0,1.0,1
2023-12-15 00:00:00+00:00,uav,14.0,14.0,0.0,1
2023-12-16 00:00:00+00:00,uav,31.0,30.0,1.0,1
2023-12-17 00:00:00+00:00,missile,2.0,1.0,1.0,2
2023-12-17 00:00:00+00:00,uav,22.0,22.0,0.0,2
2023-12-18 00:00:00+00:00,missile,1.0,1.0,0.0,1
2023-12-18 00:00:00+00:00,uav,5.0,5.0,0.0,1
2023-12-19 00:00:00+00:00,uav,2.0,2.0,0.0,1
2023-12-20 00:00:00+00:00,missile,3.0,1.0,2.0,2
2023-12-20 00:00:00+00:00,uav,54.0,52.0,2.0,2
2023-12-22 00:00:00+00:00,uav,37.0,33.0,4.0,2
2023-12-23 00:00:00+00:00,missile,1.0,1.0,0.0,1
2023-12-24 00:00:00+00:00,missile,3.0,3.0,0.0,3
2023-12-24 00:00:00+00:00,uav,15.0,14.0,1.0,1
2023-12-25 00:00:00+00:00,missile,1.0,1.0,0.0,1
2023-12-25 00:00:00+00:00,uav,31.0,28.0,3.0,1
2023-12-26 00:00:00+00:00,missile,4.0,4.0,0.0,3
2023-12-26 00:00:00+00:00,uav,65.0,45.0,20.0,2
2023-12-28 00:00:00+00:00,missile,3.0,3.0,0.0,2
2023-12-28 00:00:00+00:00,uav,44.0,34.0,10.0,2
2023-12-29 00:00:00+00:00,missile,122.0,87.0,35.0,6
2023-12-30 00:00:00+00:00,missile,7.0,1.0,6.0,2
2023-12-30 00:00:00+00:00,uav,10.0,5.0,5.0,1
2023-12-31 00:00:00+00:00,uav,49.0,21.0,28.0,1
2024-01-01 00:00:00+00:00,missile,12.0,4.0,8.0,6
2024-01-01 00:00:00+00:00,uav,135.0,131.0,4.0,3
2024-01-02 00:00:00+00:00,missile,105.0,78.0,27.0,7
2024-01-04 00:00:00+00:00,missile,6.0,3.0,3.0,3
2024-01-04 00:00:00+00:00,uav,2.0,2.0,0.0,1
2024-01-05 00:00:00+00:00,missile,3.0,3.0,0.0,2
2024-01-05 00:00:00+00:00,uav,29.0,21.0,8.0,1
2024-01-06 00:00:00+00:00,missile,1.0,1.0,0.0,1
2024-01-06 00:00:00+00:00,uav,1.0,1.0,0.0,1
2024-01-07 00:00:00+00:00,missile,4.0,1.0,3.0,2
2024-01-07 00:00:00+00:00,uav,28.0,21.0,7.0,1
2024-01-08 00:00:00+00:00,missile,51.0,18.0,33.0,6
2024-01-08 00:00:00+00:00,uav,8.0,8.0,0.0,1
2024-01-09 00:00:00+00:00,missile,2.0,2.0,0.0,2
2024-01-10 00:00:00+00:00,missile,1.0,1.0,0.0,1
2024-01-13 00:00:00+00:00,missile,39.0,9.0,30.0,7
2024-01-13 00:00:00+00:00,uav,3.0,0.0,3.0,1
2024-01-14 00:00:00+00:00,missile,1.0,1.0,0.0,1
2024-01-15 00:00:00+00:00,missile,4.0,4.0,0.0,3
2024-01-16 00:00:00+00:00,missile,2.0,2.0,0.0,2
2024-01-17 00:00:00+00:00,missile,4.0,2.0,2.0,3
2024-01-17 00:00:00+00:00,uav,20.0,20.0,0.0,2
2024-01-18 00:00:00+00:00,missile,2.0,0.0,2.0,1
2024-01-18 00:00:00+00:00,uav,33.0,22.0,11.0,1
2024-01-20 00:00:00+00:00,missile,3.0,0.0,3.0,1
2024-01-20 00:00:00+00:00,uav,7.0,4.0,3.0,1
2024-01-21 00:00:00+00:00,missile,1.0,1.0,0.0,1
2024-01-22 00:00:00+00:00,missile,1.0,1.0,0.0,1
2024-01-22 00:00:00+00:00,uav,8.0,8.0,0.0,1
2024-01-23 00:00:00+00:00,missile,41.0,21.0,20.0,5
2024-01-24 00:00:00+00:00,missile,4.0,4.0,0.0,2
2024-01-25 00:00:00+00:00,missile,5.0,1.0,4.0,2
2024-01-25 00:00:00+00:00,uav,14.0,11.0,3.0,1
2024-01-27 00:00:00+00:00,missile,1.0,0.0,1.0,1
2024-01-27 00:00:00+00:00,uav,4.0,4.0,0.0,1
2024-01-28 00:00:00+00:00,missile,6.0,1.0,5.0,3
2024-01-28 00:00:00+00:00,uav,8.0,4.0,4.0,1
2024-01-29 00:00:00+00:00,missile,4.0,0.0,4.0,2
2024-01-29 00:00:00+00:00,uav,8.0,8.0,0.0,1
2024-01-30 00:00:00+00:00,missile,4.0,2.0,2.0,3
2024-01-30 00:00:00+00:00,uav,35.0,15.0,20.0,1
2024-01-31 00:00:00+00:00,missile,7.0,4.0,3.0,4
2024-01-31 00:00:00+00:00,uav,20.0,14.0,6.0,1
2024-02-01 00:00:00+00:00,missile,1.0,1.0,0.0,1
2024-02-01 00:00:00+00:00,uav,4.0,2.0,2.0,1
2024-02-02 00:00:00+00:00,missile,1.0,1.0,0.0,1
2024-02-02 00:00:00+00:00,uav,24.0,11.0,13.0,1
2024-02-03 00:00:00+00:00,missile,3.0,1.0,2.0,2
2024-02-03 00:00:00+00:00,uav,14.0,9.0,5.0,1
2024-02-06 00:00:00+00:00,missile,1.0,1.0,0.0,1
2024-02-07 00:00:00+00:00,missile,44.0,29.0,15.0,5
2024-02-07 00:00:00+00:00,uav,20.0,15.0,5.0,1
2024-02-08 00:00:00+00:00,missile,1.0,1.0,0.0,1
2024-02-08 00:00:00+00:00,uav,17.0,11.0,6.0,1
2024-02-09 00:00:00+00:00,missile,2.0,2.0,0.0,2
2024-02-09 00:00:00+00:00,uav,16.0,10.0,6.0,1
2024-02-10 00:00:00+00:00,uav,31.0,23.0,8.0,1
2024-02-11 00:00:00+00:00,uav,45.0,40.0,5.0,1
2024-02-12 00:00:00+00:00,missile,1.0,1.0,0.0,1
2024-02-12 00:00:00+00:00,uav,17.0,14.0,3.0,1
2024-02-13 00:00:00+00:00,missile,2.0,2.0,0.0,2
2024-02-13 00:00:00+00:00,uav,23.0,16.0,7.0,1
2024-02-15 00:00:00+00:00,missile,26.0,13.0,13.0,5
2024-02-16 00:00:00+00:00,missile,1.0,1.0,0.0,1
2024-02-17 00:00:00+00:00,missile,3.0,3.0,0.0,3
2024-02-18 00:00:00+00:00,missile,10.0,1.0,9.0,3
2024-02-18 00:00:00+00:00,uav,14.0,12.0,2.0,1
2024-02-19 00:00:00+00:00,missile,2.0,2.0,0.0,2
2024-02-19 00:00:00+00:00,uav,4.0,4.0,0.0,1
2024-02-20 00:00:00+00:00,missile,3.0,0.0,3.0,2
2024-02-20 00:00:00+00:00,uav,23.0,23.0,0.0,1
2024-02-21 00:00:00+00:00,missile,6.0,1.0,5.0,3
2024-02-21 00:00:00+00:00,uav,19.0,13.0,6.0,1
2024-02-22 00:00:00+00:00,missile,1.0,0.0,1.0,1
2024-02-22 00:00:00+00:00,uav,10.0,8.0,2.0,1
2024-02-23 00:00:00+00:00,missile,8.0,2.0,6.0,5
2024-02-23 00:00:00+00:00,uav,31.0,23.0,8.0,1
2024-02-24 00:00:00+00:00,missile,6.0,3.0,3.0,3
2024-02-24 00:00:00+00:00,uav,12.0,12.0,0.0,1
2024-02-25 00:00:00+00:00,uav,18.0,16.0,2.0,1
2024-02-26 00:00:00+00:00,missile,10.0,6.0,4.0,6
2024-02-26 00:00:00+00:00,uav,14.0,9.0,5.0,1
2024-02-27 00:00:00+00:00,missile,8.0,5.0,3.0,4
2024-02-27 00:00:00+00:00,uav,13.0,11.0,2.0,1
2024-02-28 00:00:00+00:00,missile,2.0,2.0,0.0,2
2024-02-28 00:00:00+00:00,uav,10.0,10.0,0.0,1
2024-02-29 00:00:00+00:00,missile,2.0,2.0,0.0,1
2024-03-01 00:00:00+00:00,missile,6.0,1.0,5.0,2
2024-03-01 00:00:00+00:00,uav,5.0,5.0,0.0,2
2024-03-02 00:00:00+00:00,missile,4.0,1.0,3.0,2
2024-03-02 00:00:00+00:00,uav,17.0,14.0,3.0,1
2024-03-03 00:00:00+00:00,missile,1.0,1.0,0.0,1
2024-03-04 00:00:00+00:00,missile,1.0,1.0,0.0,1
2024-03-05 00:00:00+00:00,missile,1.0,1.0,0.0,1
2024-03-05 00:00:00+00:00,uav,22.0,18.0,4.0,1
2024-03-06 00:00:00+00:00,missile,1.0,1.0,0.0,1
2024-03-06 00:00:00+00:00,uav,42.0,38.0,4.0,1
2024-03-08 00:00:00+00:00,missile,4.0,1.0,3.0,3
2024-03-08 00:00:00+00:00,uav,37.0,33.0,4.0,1
2024-03-09 00:00:00+00:00,uav,15.0,12.0,3.0,1
2024-03-10 00:00:00+00:00,missile,7.0,3.0,4.0,2
2024-03-10 00:00:00+00:00,uav,39.0,35.0,4.0,1
2024-03-11 00:00:00+00:00,missile,2.0,2.0,0.0,1
2024-03-11 00:00:00+00:00,uav,15.0,15.0,0.0,2
2024-03-12 00:00:00+00:00,missile,1.0,1.0,0.0,1
2024-03-12 00:00:00+00:00,uav,8.0,8.0,0.0,1
2024-03-13 00:00:00+00:00,missile,1.0,1.0,0.0,1
2024-03-14 00:00:00+00:00,uav,16.0,16.0,0.0,2
2024-03-15 00:00:00+00:00,missile,8.0,0.0,8.0,2
2024-03-15 00:00:00+00:00,uav,27.0,27.0,0.0,1
2024-03-16 00:00:00+00:00,uav,2.0,2.0,0.0,1
2024-03-17 00:00:00+00:00,missile,7.0,0.0,7.0,2
2024-03-17 00:00:00+00:00,uav,17.0,14.0,3.0,1
2024-03-18 00:00:00+00:00,missile,7.0,0.0,7.0,2
2024-03-18 00:00:00+00:00,uav,22.0,17.0,5.0,1
2024-03-19 00:00:00+00:00,missile,3.0,3.0,0.0,1
2024-03-20 00:00:00+00:00,missile,2.0,2.0,0.0,1
2024-03-21 00:00:00+00:00,missile,34.0,34.0,0.0,4
2024-03-22 00:00:00+00:00,missile,88.0,37.0,51.0,6
2024-03-22 00:00:00+00:00,uav,63.0,55.0,8.0,1
2024-03-23 00:00:00+00:00,missile,6.0,2.0,4.0,2
2024-03-23 00:00:00+00:00,uav,34.0,31.0,3.0,1
2024-03-24 00:00:00+00:00,missile,30.0,19.0,11.0,2
2024-03-24 00:00:00+00:00,uav,29.0,26.0,3.0,2
2024-03-25 00:00:00+00:00,missile,2.0,2.0,0.0,1
2024-03-25 00:00:00+00:00,uav,10.0,9.0,1.0,2
2024-03-26 00:00:00+00:00,missile,3.0,3.0,0.0,2
2024-03-26 00:00:00+00:00,uav,12.0,12.0,0.0,1
2024-03-27 00:00:00+00:00,missile,3.0,3.0,0.0,3
2024-03-27 00:00:00+00:00,uav,13.0,10.0,3.0,1
2024-03-28 00:00:00+00:00,missile,5.0,0.0,5.0,3
2024-03-28 00:00:00+00:00,uav,28.0,26.0,2.0,1
2024-03-29 00:00:00+00:00,missile,41.0,28.0,13.0,6
2024-03-29 00:00:00+00:00,uav,60.0,58.0,2.0,1
2024-03-30 00:00:00+00:00,missile,8.0,4.0,4.0,5
2024-03-30 00:00:00+00:00,uav,12.0,9.0,3.0,1
2024-03-31 00:00:00+00:00,missile,17.0,10.0,7.0,4
2024-03-31 00:00:00+00:00,uav,11.0,9.0,2.0,1
2024-04-01 00:00:00+00:00,missile,2.0,2.0,0.0,2
2024-04-02 00:00:00+00:00,missile,2.0,1.0,1.0,2
2024-04-02 00:00:00+00:00,uav,10.0,9.0,1.0,1
2024-04-03 00:00:00+00:00,missile,3.0,0.0,3.0,1
2024-04-03 00:00:00+00:00,uav,4.0,4.0,0.0,1
2024-04-04 00:00:00+00:00,missile,1.0,1.0,0.0,1
2024-04-04 00:00:00+00:00,uav,20.0,11.0,9.0,1
2024-04-05 00:00:00+00:00,missile,6.0,1.0,5.0,3
2024-04-05 00:00:00+00:00,uav,13.0,13.0,0.0,1
2024-04-06 00:00:00+00:00,missile,8.0,5.0,3.0,4
2024-04-06 00:00:00+00:00,uav,32.0,28.0,4.0,1
2024-04-07 00:00:00+00:00,missile,4.0,2.0,2.0,4
2024-04-07 00:00:00+00:00,uav,18.0,18.0,0.0,2
2024-04-08 00:00:00+00:00,missile,3.0,3.0,0.0,2
2024-04-08 00:00:00+00:00,uav,24.0,17.0,7.0,1
2024-04-09 00:00:00+00:00,missile,7.0,1.0,6.0,3
2024-04-09 00:00:00+00:00,uav,20.0,20.0,0.0,1
2024-04-10 00:00:00+00:00,missile,9.0,6.0,3.0,6
2024-04-10 00:00:00+00:00,uav,18.0,15.0,3.0,2
2024-04-11 00:00:00+00:00,missile,45.0,21.0,24.0,7
2024-04-11 00:00:00+00:00,uav,40.0,39.0,1.0,1
2024-04-12 00:00:00+00:00,missile,3.0,2.0,1.0,3
2024-04-12 00:00:00+00:00,uav,19.0,18.0,1.0,2
2024-04-13 00:00:00+00:00,missile,1.0,1.0,0.0,1
2024-04-14 00:00:00+00:00,missile,7.0,3.0,4.0,3
2024-04-14 00:00:00+00:00,uav,10.0,10.0,0.0,1
2024-04-16 00:00:00+00:00,uav,9.0,9.0,0.0,1
2024-04-17 00:00:00+00:00,missile,1.0,1.0,0.0,1
2024-04-18 00:00:00+00:00,uav,13.0,13.0,0.0,1
2024-04-19 00:00:00+00:00,missile,27.0,20.0,7.0,6
2024-04-19 00:00:00+00:00,uav,14.0,14.0,0.0,1
2024-04-20 00:00:00+00:00,missile,18.0,13.0,5.0,12
2024-04-22 00:00:00+00:00,missile,5.0,2.0,3.0,3
2024-04-22 00:00:00+00:00,uav,7.0,5.0,2.0,1
2024-04-23 00:00:00+00:00,missile,4.0,2.0,2.0,3
2024-04-23 00:00:00+00:00,uav,17.0,16.0,1.0,2
2024-04-24 00:00:00+00:00,missile,3.0,3.0,0.0,2
2024-04-25 00:00:00+00:00,missile,3.0,3.0,0.0,3
2024-04-26 00:00:00+00:00,missile,2.0,2.0,0.0,2
2024-04-27 00:00:00+00:00,missile,39.0,26.0,13.0,11
2024-04-28 00:00:00+00:00,missile,1.0,0.0,1.0,1
2024-04-28 00:00:00+00:00,uav,11.0,7.0,4.0,3
2024-04-30 00:00:00+00:00,missile,2.0,2.0,0.0,1
2024-05-01 00:00:00+00:00,missile,2.0,2.0,0.0,2
2024-05-01 00:00:00+00:00,uav,2.0,2.0,0.0,1
2024-05-02 00:00:00+00:00,missile,1.0,1.0,0.0,1
2024-05-03 00:00:00+00:00,missile,5.0,5.0,0.0,5
2024-05-03 00:00:00+00:00,uav,1.0,1.0,0.0,1
2024-05-04 00:00:00+00:00,missile,5.0,1.0,4.0,2
2024-05-04 00:00:00+00:00,uav,13.0,13.0,0.0,1
2024-05-05 00:00:00+00:00,missile,2.0,2.0,0.0,2
2024-05-05 00:00:00+00:00,uav,23.0,23.0,0.0,1
2024-05-06 00:00:00+00:00,missile,4.0,4.0,0.0,2
2024-05-06 00:00:00+00:00,uav,15.0,14.0,1.0,3
2024-05-07 00:00:00+00:00,missile,2.0,2.0,0.0,1
2024-05-08 00:00:00+00:00,missile,57.0,41.0,16.0,8
2024-05-08 00:00:00+00:00,uav,21.0,20.0,1.0,1
2024-05-09 00:00:00+00:00,missile,5.0,5.0,0.0,2
2024-05-09 00:00:00+00:00,uav,20.0,17.0,3.0,1
2024-05-10 00:00:00+00:00,missile,6.0,4.0,2.0,5
2024-05-10 00:00:00+00:00,uav,10.0,10.0,0.0,1
2024-05-11 00:00:00+00:00,missile,6.0,6.0,0.0,3
2024-05-12 00:00:00+00:00,missile,3.0,3.0,0.0,3
2024-05-12 00:00:00+00:00,uav,1.0,1.0,0.0,1
2024-05-13 00:00:00+00:00,missile,1.0,1.0,0.0,1
2024-05-14 00:00:00+00:00,missile,1.0,0.0,1.0,1
2024-05-14 00:00:00+00:00,uav,18.0,18.0,0.0,1
2024-05-15 00:00:00+00:00,missile,6.0,6.0,0.0,6
2024-05-16 00:00:00+00:00,missile,1.0,1.0,0.0,1
2024-05-16 00:00:00+00:00,uav,1.0,1.0,0.0,1
2024-05-17 00:00:00+00:00,missile,11.0,8.0,3.0,6
2024-05-17 00:00:00+00:00,uav,22.0,22.0,0.0,3
2024-05-18 00:00:00+00:00,missile,6.0,5.0,1.0,5
2024-05-18 00:00:00+00:00,uav,14.0,14.0,0.0,2
2024-05-19 00:00:00+00:00,missile,2.0,2.0,0.0,2
2024-05-19 00:00:00+00:00,uav,37.0,37.0,0.0,1
2024-05-20 00:00:00+00:00,missile,8.0,6.0,2.0,7
2024-05-20 00:00:00+00:00,uav,29.0,29.0,0.0,1
2024-05-21 00:00:00+00:00,uav,29.0,28.0,1.0,1
2024-05-22 00:00:00+00:00,missile,5.0,5.0,0.0,5
2024-05-22 00:00:00+00:00,uav,24.0,24.0,0.0,1
2024-05-23 00:00:00+00:00,missile,1.0,1.0,0.0,1
2024-05-26 00:00:00+00:00,missile,14.0,12.0,2.0,2
2024-05-26 00:00:00+00:00,uav,31.0,31.0,0.0,1
2024-05-28 00:00:00+00:00,missile,5.0,4.0,1.0,4
2024-05-28 00:00:00+00:00,uav,5.0,5.0,0.0,1
2024-05-29 00:00:00+00:00,missile,1.0,0.0,1.0,1
2024-05-29 00:00:00+00:00,uav,13.0,13.0,0.0,1
2024-05-30 00:00:00+00:00,missile,21.0,9.0,12.0,4
2024-05-30 00:00:00+00:00,uav,33.0,33.0,0.0,2
2024-05-31 00:00:00+00:00,missile,8.0,2.0,6.0,3
2024-05-31 00:00:00+00:00,uav,4.0,4.0,0.0,1
2024-06-01 00:00:00+00:00,missile,58.0,38.0,20.0,10
2024-06-01 00:00:00+00:00,uav,49.0,47.0,2.0,3
2024-06-02 00:00:00+00:00,missile,6.0,3.0,3.0,6
2024-06-02 00:00:00+00:00,uav,25.0,24.0,1.0,1
2024-06-03 00:00:00+00:00,missile,4.0,4.0,0.0,4
2024-06-04 00:00:00+00:00,missile,5.0,4.0,1.0,4
2024-06-04 00:00:00+00:00,uav,5.0,5.0,0.0,2
2024-06-05 00:00:00+00:00,missile,4.0,3.0,1.0,3
2024-06-05 00:00:00+00:00,uav,27.0,22.0,5.0,1
2024-06-06 00:00:00+00:00,missile,5.0,3.0,2.0,4
2024-06-06 00:00:00+00:00,uav,18.0,17.0,1.0,1
2024-06-07 00:00:00+00:00,missile,7.0,7.0,0.0,3
2024-06-07 00:00:00+00:00,uav,54.0,49.0,5.0,2
2024-06-08 00:00:00+00:00,missile,7.0,7.0,0.0,3
2024-06-08 00:00:00+00:00,uav,13.0,9.0,4.0,1
2024-06-09 00:00:00+00:00,missile,2.0,2.0,0.0,2
2024-06-11 00:00:00+00:00,missile,2.0,2.0,0.0,1
2024-06-12 00:00:00+00:00,missile,6.0,5.0,1.0,3
2024-06-12 00:00:00+00:00,uav,24.0,24.0,0.0,1
2024-06-13 00:00:00+00:00,missile,7.0,5.0,2.0,5
2024-06-14 00:00:00+00:00,missile,18.0,10.0,8.0,7
2024-06-14 00:00:00+00:00,uav,20.0,20.0,0.0,2
2024-06-17 00:00:00+00:00,missile,6.0,4.0,2.0,5
2024-06-17 00:00:00+00:00,uav,1.0,1.0,0.0,1
2024-06-18 00:00:00+00:00,missile,4.0,4.0,0.0,3
2024-06-18 00:00:00+00:00,uav,10.0,10.0,0.0,1
2024-06-19 00:00:00+00:00,missile,5.0,4.0,1.0,5
2024-06-19 00:00:00+00:00,uav,21.0,19.0,2.0,1
2024-06-20 00:00:00+00:00,missile,9.0,5.0,4.0,3
2024-06-20 00:00:00+00:00,uav,27.0,27.0,0.0,1
2024-06-21 00:00:00+00:00,missile,5.0,4.0,1.0,2
2024-06-22 00:00:00+00:00,missile,26.0,20.0,6.0,9
2024-06-22 00:00:00+00:00,uav,13.0,13.0,0.0,1
2024-06-23 00:00:00+00:00,missile,4.0,3.0,1.0,2
2024-06-24 00:00:00+00:00,missile,6.0,5.0,1.0,3
2024-06-24 00:00:00+00:00,uav,5.0,5.0,0.0,2
2024-06-25 00:00:00+00:00,missile,6.0,6.0,0.0,3
2024-06-26 00:00:00+00:00,missile,5.0,3.0,2.0,5
2024-06-27 00:00:00+00:00,missile,14.0,11.0,3.0,8
2024-06-27 00:00:00+00:00,uav,24.0,24.0,0.0,2
2024-06-28 00:00:00+00:00,missile,9.0,9.0,0.0,7
2024-06-28 00:00:00+00:00,uav,1.0,1.0,0.0,1
2024-06-29 00:00:00+00:00,missile,5.0,5.0,0.0,2
2024-06-29 00:00:00+00:00,uav,10.0,10.0,0.0,1
2024-06-30 00:00:00+00:00,missile,8.0,8.0,0.0,4
2024-07-01 00:00:00+00:00,missile,3.0,3.0,0.0,3
2024-07-02 00:00:00+00:00,missile,2.0,2.0,0.0,2
2024-07-03 00:00:00+00:00,missile,10.0,8.0,2.0,5
2024-07-03 00:00:00+00:00,uav,5.0,5.0,0.0,1
2024-07-04 00:00:00+00:00,missile,8.0,7.0,1.0,5
2024-07-04 00:00:00+00:00,uav,22.0,21.0,1.0,1
2024-07-05 00:00:00+00:00,missile,16.0,16.0,0.0,5
2024-07-05 00:00:00+00:00,uav,32.0,32.0,0.0,1
2024-07-06 00:00:00+00:00,missile,10.0,8.0,2.0,6
2024-07-06 00:00:00+00:00,uav,27.0,24.0,3.0,1
2024-07-07 00:00:00+00:00,missile,8.0,6.0,2.0,6
2024-07-07 00:00:00+00:00,uav,14.0,14.0,0.0,2
2024-07-08 00:00:00+00:00,missile,51.0,40.0,11.0,13
2024-07-08 00:00:00+00:00,uav,1.0,1.0,0.0,1
2024-07-09 00:00:00+00:00,missile,7.0,5.0,2.0,6
2024-07-09 00:00:00+00:00,uav,1.0,1.0,0.0,1
2024-07-10 00:00:00+00:00,missile,11.0,4.0,7.0,7
2024-07-10 00:00:00+00:00,uav,20.0,14.0,6.0,1
2024-07-11 00:00:00+00:00,missile,11.0,9.0,2.0,5
2024-07-11 00:00:00+00:00,uav,6.0,6.0,0.0,1
2024-07-12 00:00:00+00:00,missile,3.0,3.0,0.0,1
2024-07-12 00:00:00+00:00,uav,19.0,11.0,8.0,1
2024-07-13 00:00:00+00:00,missile,4.0,3.0,1.0,3
2024-07-13 00:00:00+00:00,uav,5.0,4.0,1.0,1
2024-07-14 00:00:00+00:00,missile,11.0,11.0,0.0,6
2024-07-15 00:00:00+00:00,missile,13.0,12.0,1.0,7
2024-07-16 00:00:00+00:00,missile,7.0,5.0,2.0,5
2024-07-16 00:00:00+00:00,uav,5.0,3.0,2.0,2
2024-07-17 00:00:00+00:00,missile,6.0,6.0,0.0,2
2024-07-18 00:00:00+00:00,missile,7.0,6.0,1.0,5
2024-07-18 00:00:00+00:00,uav,18.0,18.0,0.0,2
2024-07-19 00:00:00+00:00,missile,7.0,4.0,3.0,4
2024-07-20 00:00:00+00:00,missile,11.0,7.0,4.0,6
2024-07-20 00:00:00+00:00,uav,17.0,13.0,4.0,2
2024-07-21 00:00:00+00:00,missile,20.0,15.0,5.0,8
2024-07-21 00:00:00+00:00,uav,40.0,36.0,4.0,2
2024-07-22 00:00:00+00:00,missile,8.0,6.0,2.0,5
2024-07-23 00:00:00+00:00,missile,10.0,8.0,2.0,6
2024-07-23 00:00:00+00:00,uav,8.0,7.0,1.0,1
2024-07-24 00:00:00+00:00,missile,2.0,0.0,2.0,2
2024-07-24 00:00:00+00:00,uav,23.0,17.0,6.0,1
2024-07-25 00:00:00+00:00,missile,10.0,10.0,0.0,5
2024-07-25 00:00:00+00:00,uav,38.0,25.0,13.0,1
2024-07-26 00:00:00+00:00,missile,8.0,7.0,1.0,4
2024-07-26 00:00:00+00:00,uav,23.0,21.0,2.0,2
2024-07-27 00:00:00+00:00,missile,5.0,5.0,0.0,4
2024-07-27 00:00:00+00:00,uav,4.0,4.0,0.0,1
2024-07-28 00:00:00+00:00,missile,5.0,5.0,0.0,5
2024-07-28 00:00:00+00:00,uav,8.0,7.0,1.0,1
2024-07-29 00:00:00+00:00,missile,8.0,8.0,0.0,6
2024-07-29 00:00:00+00:00,uav,10.0,9.0,1.0,1
2024-07-31 00:00:00+00:00,missile,7.0,7.0,0.0,3
2024-07-31 00:00:00+00:00,uav,89.0,89.0,0.0,1
2024-08-01 00:00:00+00:00,missile,8.0,6.0,2.0,5
2024-08-01 00:00:00+00:00,uav,11.0,11.0,0.0,2
2024-08-02 00:00:00+00:00,missile,11.0,8.0,3.0,6
2024-08-02 00:00:00+00:00,uav,1.0,1.0,0.0,1
2024-08-03 00:00:00+00:00,missile,9.0,5.0,4.0,4
2024-08-03 00:00:00+00:00,uav,29.0,24.0,5.0,1
2024-08-04 00:00:00+00:00,missile,7.0,3.0,4.0,4
2024-08-04 00:00:00+00:00,uav,5.0,5.0,0.0,1
2024-08-05 00:00:00+00:00,missile,6.0,2.0,4.0,5
2024-08-05 00:00:00+00:00,uav,24.0,24.0,0.0,1
2024-08-06 00:00:00+00:00,missile,7.0,5.0,2.0,3
2024-08-06 00:00:00+00:00,uav,16.0,15.0,1.0,1
2024-08-07 00:00:00+00:00,missile,3.0,3.0,0.0,2
2024-08-07 00:00:00+00:00,uav,30.0,30.0,0.0,1
2024-08-08 00:00:00+00:00,missile,6.0,4.0,2.0,4
2024-08-08 00:00:00+00:00,uav,4.0,4.0,0.0,1
2024-08-09 00:00:00+00:00,missile,2.0,2.0,0.0,1
2024-08-09 00:00:00+00:00,uav,27.0,27.0,0.0,1
2024-08-10 00:00:00+00:00,missile,1.0,1.0,0.0,1
2024-08-11 00:00:00+00:00,missile,11.0,5.0,6.0,5
2024-08-11 00:00:00+00:00,uav,57.0,53.0,4.0,1
2024-08-12 00:00:00+00:00,missile,3.0,3.0,0.0,2
2024-08-13 00:00:00+00:00,missile,2.0,0.0,2.0,1
2024-08-13 00:00:00+00:00,uav,38.0,30.0,8.0,1
2024-08-14 00:00:00+00:00,missile,6.0,3.0,3.0,4
2024-08-14 00:00:00+00:00,uav,23.0,17.0,6.0,1
2024-08-15 00:00:00+00:00,missile,9.0,6.0,3.0,4
2024-08-15 00:00:00+00:00,uav,29.0,29.0,0.0,1
2024-08-16 00:00:00+00:00,missile,7.0,4.0,3.0,4
2024-08-16 00:00:00+00:00,uav,5.0,5.0,0.0,2
2024-08-17 00:00:00+00:00,missile,1.0,0.0,1.0,1
2024-08-17 00:00:00+00:00,uav,14.0,14.0,0.0,1
2024-08-18 00:00:00+00:00,missile,14.0,11.0,3.0,7
2024-08-18 00:00:00+00:00,uav,8.0,8.0,0.0,1
2024-08-19 00:00:00+00:00,missile,5.0,5.0,0.0,2
2024-08-19 00:00:00+00:00,uav,11.0,11.0,0.0,1
2024-08-20 00:00:00+00:00,missile,5.0,3.0,2.0,3
2024-08-20 00:00:00+00:00,uav,30.0,29.0,1.0,2
2024-08-21 00:00:00+00:00,missile,7.0,5.0,2.0,4
2024-08-21 00:00:00+00:00,uav,69.0,50.0,19.0,1
2024-08-22 00:00:00+00:00,missile,4.0,0.0,4.0,3
2024-08-22 00:00:00+00:00,uav,10.0,2.0,8.0,1
2024-08-23 00:00:00+00:00,missile,9.0,7.0,2.0,6
2024-08-23 00:00:00+00:00,uav,16.0,14.0,2.0,1
2024-08-24 00:00:00+00:00,missile,5.0,1.0,4.0,2
2024-08-25 00:00:00+00:00,missile,8.0,0.0,8.0,2
2024-08-25 00:00:00+00:00,uav,9.0,8.0,1.0,1
2024-08-26 00:00:00+00:00,missile,127.0,102.0,25.0,4
2024-08-26 00:00:00+00:00,uav,109.0,99.0,10.0,1
2024-08-27 00:00:00+00:00,missile,10.0,5.0,5.0,4
2024-08-27 00:00:00+00:00,uav,81.0,60.0,21.0,1
2024-08-28 00:00:00+00:00,missile,3.0,3.0,0.0,2
2024-08-29 00:00:00+00:00,missile,9.0,5.0,4.0,6
2024-08-29 00:00:00+00:00,uav,74.0,60.0,14.0,1
2024-08-30 00:00:00+00:00,missile,1.0,0.0,1.0,1
2024-08-30 00:00:00+00:00,uav,18.0,12.0,6.0,1
2024-08-31 00:00:00+00:00,missile,10.0,5.0,5.0,4
2024-08-31 00:00:00+00:00,uav,52.0,24.0,28.0,1
2024-09-01 00:00:00+00:00,missile,1.0,0.0,1.0,1
2024-09-01 00:00:00+00:00,uav,11.0,8.0,3.0,1
2024-09-02 00:00:00+00:00,missile,42.0,28.0,14.0,8
2024-09-02 00:00:00+00:00,uav,23.0,20.0,3.0,1
2024-09-03 00:00:00+00:00,missile,4.0,0.0,4.0,2
2024-09-03 00:00:00+00:00,uav,64.0,49.0,15.0,2
2024-09-04 00:00:00+00:00,missile,13.0,7.0,6.0,4
2024-09-05 00:00:00+00:00,missile,1.0,0.0,1.0,1
2024-09-05 00:00:00+00:00,uav,78.0,60.0,18.0,1
2024-09-06 00:00:00+00:00,missile,4.0,2.0,2.0,4
2024-09-06 00:00:00+00:00,uav,44.0,27.0,17.0,1
2024-09-07 00:00:00+00:00,missile,6.0,6.0,0.0,3
2024-09-07 00:00:00+00:00,uav,67.0,58.0,9.0,1
2024-09-08 00:00:00+00:00,missile,4.0,1.0,3.0,1
2024-09-08 00:00:00+00:00,uav,23.0,15.0,8.0,1
2024-09-09 00:00:00+00:00,missile,12.0,11.0,1.0,4
2024-09-09 00:00:00+00:00,uav,8.0,6.0,2.0,1
2024-09-10 00:00:00+00:00,missile,5.0,3.0,2.0,4
2024-09-10 00:00:00+00:00,uav,46.0,38.0,8.0,1
2024-09-11 00:00:00+00:00,missile,10.0,0.0,10.0,4
2024-09-11 00:00:00+00:00,uav,25.0,20.0,5.0,1
2024-09-12 00:00:00+00:00,missile,14.0,10.0,4.0,6
2024-09-12 00:00:00+00:00,uav,64.0,44.0,20.0,1
2024-09-13 00:00:00+00:00,uav,26.0,24.0,2.0,1
2024-09-14 00:00:00+00:00,missile,4.0,4.0,0.0,3
2024-09-14 00:00:00+00:00,uav,78.0,74.0,4.0,2
2024-09-15 00:00:00+00:00,missile,4.0,2.0,2.0,3
2024-09-15 00:00:00+00:00,uav,70.0,63.0,7.0,2
2024-09-16 00:00:00+00:00,uav,51.0,34.0,17.0,1
2024-09-18 00:00:00+00:00,missile,3.0,0.0,3.0,1
2024-09-18 00:00:00+00:00,uav,52.0,46.0,6.0,1
2024-09-19 00:00:00+00:00,missile,6.0,3.0,3.0,4
2024-09-19 00:00:00+00:00,uav,42.0,42.0,0.0,1
2024-09-20 00:00:00+00:00,missile,13.0,9.0,4.0,5
2024-09-20 00:00:00+00:00,uav,70.0,61.0,9.0,1
2024-09-21 00:00:00+00:00,missile,9.0,5.0,4.0,2
2024-09-21 00:00:00+00:00,uav,16.0,11.0,5.0,1
2024-09-22 00:00:00+00:00,missile,2.0,0.0,2.0,1
2024-09-22 00:00:00+00:00,uav,80.0,71.0,9.0,1
2024-09-23 00:00:00+00:00,missile,5.0,0.0,5.0,4
2024-09-23 00:00:00+00:00,uav,85.0,69.0,16.0,2
2024-09-24 00:00:00+00:00,missile,16.0,16.0,0.0,3
2024-09-25 00:00:00+00:00,missile,12.0,8.0,4.0,6
2024-09-25 00:00:00+00:00,uav,32.0,28.0,4.0,1
2024-09-26 00:00:00+00:00,missile,9.0,4.0,5.0,3
2024-09-26 00:00:00+00:00,uav,78.0,66.0,12.0,1
2024-09-27 00:00:00+00:00,missile,12.0,3.0,9.0,6
2024-09-27 00:00:00+00:00,uav,105.0,93.0,12.0,2
2024-09-28 00:00:00+00:00,uav,3.0,1.0,2.0,1
2024-09-29 00:00:00+00:00,missile,3.0,1.0,2.0,3
2024-09-29 00:00:00+00:00,uav,95.0,82.0,13.0,2
2024-09-30 00:00:00+00:00,missile,2.0,0.0,2.0,1
2024-10-01 00:00:00+00:00,missile,4.0,3.0,1.0,4
2024-10-01 00:00:00+00:00,uav,32.0,29.0,3.0,1
2024-10-02 00:00:00+00:00,uav,137.0,89.0,48.0,2
2024-10-03 00:00:00+00:00,missile,4.0,3.0,1.0,4
2024-10-04 00:00:00+00:00,uav,19.0,9.0,10.0,1
2024-10-05 00:00:00+00:00,missile,10.0,5.0,5.0,5
2024-10-05 00:00:00+00:00,uav,100.0,59.0,41.0,2
2024-10-06 00:00:00+00:00,missile,3.0,0.0,3.0,3
2024-10-06 00:00:00+00:00,uav,74.0,32.0,42.0,1
2024-10-07 00:00:00+00:00,missile,6.0,3.0,3.0,3
2024-10-07 00:00:00+00:00,uav,19.0,18.0,1.0,1
2024-10-08 00:00:00+00:00,missile,4.0,4.0,0.0,2
2024-10-09 00:00:00+00:00,missile,14.0,3.0,11.0,7
2024-10-09 00:00:00+00:00,uav,84.0,62.0,22.0,2
2024-10-10 00:00:00+00:00,missile,8.0,8.0,0.0,3
2024-10-11 00:00:00+00:00,missile,2.0,0.0,2.0,2
2024-10-11 00:00:00+00:00,uav,66.0,29.0,37.0,1
2024-10-12 00:00:00+00:00,uav,28.0,24.0,4.0,1
2024-10-13 00:00:00+00:00,missile,4.0,0.0,4.0,3
2024-10-13 00:00:00+00:00,uav,68.0,31.0,37.0,1
2024-10-14 00:00:00+00:00,missile,1.0,0.0,1.0,1
2024-10-15 00:00:00+00:00,missile,31.0,1.0,30.0,8
2024-10-15 00:00:00+00:00,uav,153.0,80.0,73.0,2
2024-10-16 00:00:00+00:00,missile,1.0,0.0,1.0,1
2024-10-16 00:00:00+00:00,uav,56.0,22.0,34.0,1
2024-10-17 00:00:00+00:00,uav,135.0,80.0,55.0,1
2024-10-18 00:00:00+00:00,missile,6.0,4.0,2.0,1
2024-10-18 00:00:00+00:00,uav,98.0,42.0,56.0,1
2024-10-19 00:00:00+00:00,missile,2.0,0.0,2.0,1
2024-10-19 00:00:00+00:00,uav,49.0,31.0,18.0,1
2024-10-20 00:00:00+00:00,missile,3.0,0.0,3.0,3
2024-10-20 00:00:00+00:00,uav,116.0,59.0,57.0,1
2024-10-21 00:00:00+00:00,uav,60.0,42.0,18.0,1
2024-10-22 00:00:00+00:00,missile,2.0,1.0,1.0,2
2024-10-22 00:00:00+00:00,uav,81.0,57.0,24.0,1
2024-10-23 00:00:00+00:00,missile,7.0,3.0,4.0,5
2024-10-23 00:00:00+00:00,uav,50.0,40.0,10.0,1
2024-10-24 00:00:00+00:00,uav,63.0,36.0,27.0,1
2024-10-25 00:00:00+00:00,missile,7.0,0.0,7.0,3
2024-10-25 00:00:00+00:00,uav,91.0,44.0,47.0,1
2024-10-26 00:00:00+00:00,missile,2.0,2.0,0.0,2
2024-10-26 00:00:00+00:00,uav,80.0,41.0,39.0,1
2024-10-27 00:00:00+00:00,missile,2.0,2.0,0.0,2
2024-10-27 00:00:00+00:00,uav,100.0,66.0,34.0,1
2024-10-28 00:00:00+00:00,missile,9.0,6.0,3.0,4
2024-10-28 00:00:00+00:00,uav,48.0,26.0,22.0,1
2024-10-29 00:00:00+00:00,missile,1.0,0.0,1.0,1
2024-10-29 00:00:00+00:00,uav,62.0,33.0,29.0,1
2024-10-30 00:00:00+00:00,missile,23.0,13.0,10.0,5
2024-10-30 00:00:00+00:00,uav,44.0,18.0,26.0,2
2024-10-31 00:00:00+00:00,missile,3.0,1.0,2.0,1
2024-10-31 00:00:00+00:00,uav,48.0,31.0,17.0,1
2024-11-01 00:00:00+00:00,missile,5.0,2.0,3.0,4
2024-11-01 00:00:00+00:00,uav,71.0,39.0,32.0,1
2024-11-02 00:00:00+00:00,missile,1.0,1.0,0.0,1
2024-11-02 00:00:00+00:00,uav,97.0,67.0,30.0,2
2024-11-03 00:00:00+00:00,missile,1.0,0.0,1.0,1
2024-11-03 00:00:00+00:00,uav,80.0,50.0,30.0,1
2024-11-04 00:00:00+00:00,missile,2.0,2.0,0.0,1
2024-11-04 00:00:00+00:00,uav,79.0,48.0,31.0,1
2024-11-05 00:00:00+00:00,missile,3.0,0.0,3.0,2
2024-11-05 00:00:00+00:00,uav,63.0,38.0,25.0,1
2024-11-06 00:00:00+00:00,missile,5.0,5.0,0.0,3
2024-11-06 00:00:00+00:00,uav,106.0,74.0,32.0,1
2024-11-07 00:00:00+00:00,missile,20.0,19.0,1.0,6
2024-11-07 00:00:00+00:00,uav,92.0,62.0,30.0,1
2024-11-08 00:00:00+00:00,missile,3.0,2.0,1.0,3
2024-11-08 00:00:00+00:00,uav,51.0,32.0,19.0,1
2024-11-09 00:00:00+00:00,uav,145.0,62.0,83.0,1
2024-11-10 00:00:00+00:00,missile,2.0,2.0,0.0,1
2024-11-10 00:00:00+00:00,uav,74.0,39.0,35.0,1
2024-11-11 00:00:00+00:00,missile,3.0,0.0,3.0,2
2024-11-11 00:00:00+00:00,uav,110.0,46.0,64.0,1
2024-11-12 00:00:00+00:00,uav,90.0,37.0,53.0,1
2024-11-13 00:00:00+00:00,missile,6.0,4.0,2.0,3
2024-11-13 00:00:00+00:00,uav,59.0,21.0,38.0,1
2024-11-14 00:00:00+00:00,missile,2.0,1.0,1.0,1
2024-11-14 00:00:00+00:00,uav,29.0,25.0,4.0,1
2024-11-15 00:00:00+00:00,missile,4.0,3.0,1.0,2
2024-11-15 00:00:00+00:00,uav,83.0,53.0,30.0,1
2024-11-16 00:00:00+00:00,uav,90.0,42.0,48.0,1
2024-11-17 00:00:00+00:00,missile,123.0,102.0,21.0,8
2024-11-17 00:00:00+00:00,uav,11.0,8.0,3.0,1
2024-11-18 00:00:00+00:00,missile,10.0,10.0,0.0,6
2024-11-18 00:00:00+00:00,uav,87.0,51.0,36.0,1
2024-11-19 00:00:00+00:00,missile,9.0,5.0,4.0,4
2024-11-19 00:00:00+00:00,uav,122.0,56.0,66.0,1
2024-11-21 00:00:00+00:00,missile,9.0,6.0,3.0,3
2024-11-22 00:00:00+00:00,uav,114.0,64.0,50.0,1
2024-11-24 00:00:00+00:00,uav,218.0,121.0,97.0,2
2024-11-25 00:00:00+00:00,missile,11.0,6.0,5.0,6
2024-11-25 00:00:00+00:00,uav,188.0,76.0,112.0,1
2024-11-26 00:00:00+00:00,missile,2.0,1.0,1.0,2
2024-11-26 00:00:00+00:00,uav,89.0,36.0,53.0,1
2024-11-27 00:00:00+00:00,uav,97.0,35.0,62.0,1
2024-11-28 00:00:00+00:00,missile,91.0,79.0,12.0,3
2024-11-28 00:00:00+00:00,uav,132.0,88.0,44.0,1
2024-11-29 00:00:00+00:00,missile,9.0,7.0,2.0,4
2024-11-29 00:00:00+00:00,uav,10.0,8.0,2.0,1
2024-11-30 00:00:00+00:00,uav,78.0,32.0,46.0,1
2024-12-01 00:00:00+00:00,uav,110.0,52.0,58.0,1
2024-12-02 00:00:00+00:00,missile,3.0,3.0,0.0,1
2024-12-02 00:00:00+00:00,uav,28.0,22.0,6.0,1
2024-12-03 00:00:00+00:00,missile,1.0,0.0,1.0,1
2024-12-03 00:00:00+00:00,uav,50.0,29.0,21.0,1
2024-12-04 00:00:00+00:00,missile,2.0,0.0,2.0,1
2024-12-04 00:00:00+00:00,uav,44.0,30.0,14.0,1
2024-12-05 00:00:00+00:00,missile,2.0,2.0,0.0,1
2024-12-05 00:00:00+00:00,uav,53.0,32.0,21.0,1
2024-12-06 00:00:00+00:00,missile,4.0,0.0,4.0,2
2024-12-06 00:00:00+00:00,uav,14.0,7.0,7.0,1
2024-12-07 00:00:00+00:00,uav,74.0,28.0,46.0,1
2024-12-08 00:00:00+00:00,missile,2.0,2.0,0.0,1
2024-12-08 00:00:00+00:00,uav,37.0,18.0,19.0,1
2024-12-10 00:00:00+00:00,missile,2.0,2.0,0.0,2
2024-12-11 00:00:00+00:00,missile,2.0,2.0,0.0,1
2024-12-12 00:00:00+00:00,uav,193.0,80.0,113.0,1
2024-12-13 00:00:00+00:00,missile,95.0,83.0,12.0,5
2024-12-13 00:00:00+00:00,uav,132.0,58.0,74.0,1
2024-12-14 00:00:00+00:00,missile,10.0,9.0,1.0,5
2024-12-14 00:00:00+00:00,uav,108.0,56.0,52.0,1
2024-12-16 00:00:00+00:00,uav,80.0,47.0,33.0,2
2024-12-17 00:00:00+00:00,uav,81.0,51.0,30.0,1
2024-12-18 00:00:00+00:00,missile,4.0,0.0,4.0,3
2024-12-18 00:00:00+00:00,uav,85.0,45.0,40.0,1
2024-12-19 00:00:00+00:00,missile,7.0,5.0,2.0,5
2024-12-19 00:00:00+00:00,uav,65.0,40.0,25.0,1
2024-12-20 00:00:00+00:00,missile,15.0,12.0,3.0,7
2024-12-20 00:00:00+00:00,uav,113.0,57.0,56.0,1
2024-12-21 00:00:00+00:00,missile,1.0,0.0,1.0,1
2024-12-21 00:00:00+00:00,uav,103.0,52.0,51.0,1
2024-12-22 00:00:00+00:00,uav,72.0,47.0,25.0,1
2024-12-23 00:00:00+00:00,missile,4.0,4.0,0.0,2
2024-12-23 00:00:00+00:00,uav,60.0,36.0,24.0,1
2024-12-24 00:00:00+00:00,missile,5.0,5.0,0.0,3
2024-12-24 00:00:00+00:00,uav,106.0,54.0,52.0,1
2024-12-25 00:00:00+00:00,missile,78.0,59.0,19.0,4
2024-12-25 00:00:00+00:00,uav,31.0,20.0,11.0,1
2024-12-26 00:00:00+00:00,missile,2.0,0.0,2.0,1
2024-12-26 00:00:00+00:00,uav,24.0,13.0,11.0,1
2024-12-27 00:00:00+00:00,uav,16.0,15.0,1.0,1
2024-12-28 00:00:00+00:00,missile,6.0,0.0,6.0,1
2024-12-28 00:00:00+00:00,uav,10.0,9.0,1.0,1
2024-12-30 00:00:00+00:00,missile,15.0,6.0,9.0,3
2024-12-30 00:00:00+00:00,uav,40.0,16.0,24.0,1
2024-12-31 00:00:00+00:00,missile,15.0,7.0,8.0,6
2024-12-31 00:00:00+00:00,uav,111.0,63.0,48.0,1
2025-01-01 00:00:00+00:00,missile,5.0,5.0,0.0,2
2025-01-01 00:00:00+00:00,uav,72.0,47.0,25.0,1
2025-01-02 00:00:00+00:00,missile,4.0,4.0,0.0,2
2025-01-02 00:00:00+00:00,uav,93.0,60.0,33.0,1
2025-01-03 00:00:00+00:00,missile,11.0,3.0,8.0,3
2025-01-03 00:00:00+00:00,uav,113.0,47.0,66.0,2
2025-01-04 00:00:00+00:00,missile,11.0,11.0,0.0,4
2025-01-04 00:00:00+00:00,uav,133.0,75.0,58.0,2
2025-01-05 00:00:00+00:00,missile,18.0,18.0,0.0,5
2025-01-05 00:00:00+00:00,uav,128.0,79.0,49.0,1
2025-01-06 00:00:00+00:00,uav,38.0,28.0,10.0,1
2025-01-07 00:00:00+00:00,uav,64.0,41.0,23.0,1
2025-01-08 00:00:00+00:00,uav,70.0,46.0,24.0,1
2025-01-09 00:00:00+00:00,missile,20.0,20.0,0.0,8
2025-01-09 00:00:00+00:00,uav,72.0,33.0,39.0,1
2025-01-10 00:00:00+00:00,missile,1.0,1.0,0.0,1
2025-01-10 00:00:00+00:00,uav,74.0,47.0,27.0,1
2025-01-11 00:00:00+00:00,uav,94.0,60.0,34.0,1
2025-01-12 00:00:00+00:00,missile,14.0,14.0,0.0,5
2025-01-12 00:00:00+00:00,uav,110.0,78.0,32.0,1
2025-01-13 00:00:00+00:00,missile,1.0,1.0,0.0,1
2025-01-13 00:00:00+00:00,uav,80.0,58.0,22.0,1
2025-01-14 00:00:00+00:00,missile,4.0,2.0,2.0,2
2025-01-14 00:00:00+00:00,uav,74.0,47.0,27.0,1
2025-01-15 00:00:00+00:00,missile,56.0,43.0,13.0,9
2025-01-15 00:00:00+00:00,uav,55.0,34.0,21.0,1
2025-01-16 00:00:00+00:00,missile,6.0,2.0,4.0,2
2025-01-16 00:00:00+00:00,uav,50.0,33.0,17.0,1
2025-01-17 00:00:00+00:00,uav,39.0,24.0,15.0,1
2025-01-18 00:00:00+00:00,uav,61.0,43.0,18.0,1
2025-01-19 00:00:00+00:00,missile,1.0,0.0,1.0,1
2025-01-19 00:00:00+00:00,uav,141.0,93.0,48.0,1
2025-01-20 00:00:00+00:00,missile,5.0,1.0,4.0,2
2025-01-20 00:00:00+00:00,uav,131.0,72.0,59.0,1
2025-01-21 00:00:00+00:00,uav,99.0,65.0,34.0,1
2025-01-22 00:00:00+00:00,uav,92.0,57.0,35.0,1
2025-01-23 00:00:00+00:00,missile,4.0,0.0,4.0,1
2025-01-23 00:00:00+00:00,uav,58.0,25.0,33.0,1
2025-01-24 00:00:00+00:00,missile,2.0,2.0,0.0,1
2025-01-24 00:00:00+00:00,uav,61.0,46.0,15.0,1
2025-01-25 00:00:00+00:00,uav,72.0,50.0,22.0,1
2025-01-26 00:00:00+00:00,uav,104.0,57.0,47.0,1
2025-01-27 00:00:00+00:00,missile,1.0,1.0,0.0,1
2025-01-27 00:00:00+00:00,uav,100.0,65.0,35.0,1
2025-01-28 00:00:00+00:00,missile,1.0,0.0,1.0,1
2025-01-28 00:00:00+00:00,uav,57.0,29.0,28.0,1
2025-01-29 00:00:00+00:00,missile,1.0,1.0,0.0,1
2025-01-29 00:00:00+00:00,uav,81.0,37.0,44.0,1
2025-01-30 00:00:00+00:00,uav,102.0,59.0,43.0,1
2025-01-31 00:00:00+00:00,missile,15.0,1.0,14.0,4
2025-01-31 00:00:00+00:00,uav,123.0,56.0,67.0,1
2025-02-01 00:00:00+00:00,uav,55.0,40.0,15.0,1
2025-02-02 00:00:00+00:00,missile,14.0,14.0,0.0,4
2025-02-02 00:00:00+00:00,uav,71.0,38.0,33.0,1
2025-02-03 00:00:00+00:00,uav,65.0,37.0,28.0,1
2025-02-04 00:00:00+00:00,missile,5.0,3.0,2.0,3
2025-02-04 00:00:00+00:00,uav,104.0,57.0,47.0,1
2025-02-05 00:00:00+00:00,missile,4.0,1.0,3.0,3
2025-02-05 00:00:00+00:00,uav,77.0,56.0,21.0,1
2025-02-06 00:00:00+00:00,missile,2.0,2.0,0.0,2
2025-02-06 00:00:00+00:00,uav,112.0,81.0,31.0,1
2025-02-07 00:00:00+00:00,uav,139.0,67.0,72.0,1
2025-02-08 00:00:00+00:00,uav,151.0,70.0,81.0,1
2025-02-09 00:00:00+00:00,missile,9.0,9.0,0.0,4
2025-02-09 00:00:00+00:00,uav,83.0,61.0,22.0,1
2025-02-10 00:00:00+00:00,missile,7.0,4.0,3.0,3
2025-02-11 00:00:00+00:00,missile,9.0,9.0,0.0,5
2025-02-11 00:00:00+00:00,uav,247.0,128.0,119.0,2
2025-02-12 00:00:00+00:00,missile,9.0,8.0,1.0,5
2025-02-12 00:00:00+00:00,uav,140.0,85.0,55.0,1
2025-02-13 00:00:00+00:00,missile,7.0,6.0,1.0,4
2025-02-13 00:00:00+00:00,uav,133.0,73.0,60.0,1
2025-02-14 00:00:00+00:00,missile,3.0,1.0,2.0,2
2025-02-14 00:00:00+00:00,uav,70.0,33.0,37.0,1
2025-02-15 00:00:00+00:00,missile,1.0,1.0,0.0,1
2025-02-15 00:00:00+00:00,uav,143.0,95.0,48.0,1
2025-02-16 00:00:00+00:00,missile,10.0,5.0,5.0,5
2025-02-16 00:00:00+00:00,uav,147.0,83.0,64.0,1
2025-02-17 00:00:00+00:00,missile,2.0,2.0,0.0,1
2025-02-17 00:00:00+00:00,uav,176.0,103.0,73.0,1
2025-02-18 00:00:00+00:00,missile,3.0,1.0,2.0,2
2025-02-18 00:00:00+00:00,uav,167.0,106.0,61.0,1
2025-02-19 00:00:00+00:00,missile,9.0,7.0,2.0,6
2025-02-19 00:00:00+00:00,uav,1.0,1.0,0.0,1
2025-02-20 00:00:00+00:00,missile,4.0,2.0,2.0,2
2025-02-20 00:00:00+00:00,uav,321.0,167.0,154.0,2
2025-02-21 00:00:00+00:00,missile,3.0,3.0,0.0,2
2025-02-21 00:00:00+00:00,uav,162.0,82.0,80.0,1
2025-02-22 00:00:00+00:00,missile,5.0,2.0,3.0,3
2025-02-22 00:00:00+00:00,uav,267.0,138.0,129.0,1
2025-02-23 00:00:00+00:00,missile,4.0,4.0,0.0,3
2025-02-23 00:00:00+00:00,uav,185.0,113.0,72.0,1
2025-02-24 00:00:00+00:00,missile,10.0,9.0,1.0,4
2025-02-24 00:00:00+00:00,uav,213.0,133.0,80.0,1
2025-02-25 00:00:00+00:00,missile,9.0,9.0,0.0,4
2025-02-25 00:00:00+00:00,uav,177.0,110.0,67.0,1
2025-02-26 00:00:00+00:00,missile,3.0,3.0,0.0,2
2025-02-26 00:00:00+00:00,uav,166.0,90.0,76.0,1
2025-02-27 00:00:00+00:00,missile,1.0,1.0,0.0,1
2025-02-27 00:00:00+00:00,uav,208.0,107.0,101.0,1
2025-02-28 00:00:00+00:00,missile,7.0,6.0,1.0,4
2025-02-28 00:00:00+00:00,uav,154.0,103.0,51.0,1
2025-03-01 00:00:00+00:00,missile,4.0,3.0,1.0,3
2025-03-01 00:00:00+00:00,uav,79.0,63.0,16.0,1
2025-03-02 00:00:00+00:00,uav,83.0,46.0,37.0,1
2025-03-03 00:00:00+00:00,uav,99.0,65.0,34.0,1
2025-03-04 00:00:00+00:00,missile,4.0,0.0,4.0,2
2025-03-04 00:00:00+00:00,uav,181.0,115.0,66.0,1
2025-03-05 00:00:00+00:00,missile,5.0,3.0,2.0,4
2025-03-05 00:00:00+00:00,uav,112.0,68.0,44.0,1
2025-03-06 00:00:00+00:00,missile,1.0,1.0,0.0,1
2025-03-06 00:00:00+00:00,uav,194.0,100.0,94.0,1
2025-03-07 00:00:00+00:00,missile,61.0,35.0,26.0,7
2025-03-07 00:00:00+00:00,uav,149.0,83.0,66.0,2
2025-03-08 00:00:00+00:00,missile,7.0,4.0,3.0,5
2025-03-08 00:00:00+00:00,uav,119.0,73.0,46.0,1
2025-03-09 00:00:00+00:00,missile,9.0,9.0,0.0,3
2025-03-09 00:00:00+00:00,uav,176.0,130.0,46.0,1
2025-03-10 00:00:00+00:00,missile,3.0,3.0,0.0,3
2025-03-10 00:00:00+00:00,uav,126.0,79.0,47.0,1
2025-03-11 00:00:00+00:00,missile,6.0,3.0,3.0,3
2025-03-11 00:00:00+00:00,uav,133.0,98.0,35.0,1
2025-03-12 00:00:00+00:00,missile,4.0,3.0,1.0,3
2025-03-12 00:00:00+00:00,uav,117.0,74.0,43.0,1
2025-03-13 00:00:00+00:00,missile,2.0,2.0,0.0,2
2025-03-13 00:00:00+00:00,uav,27.0,16.0,11.0,1
2025-03-14 00:00:00+00:00,missile,4.0,2.0,2.0,3
2025-03-14 00:00:00+00:00,uav,178.0,130.0,48.0,1
2025-03-15 00:00:00+00:00,missile,2.0,2.0,0.0,2
2025-03-15 00:00:00+00:00,uav,90.0,47.0,43.0,1
2025-03-16 00:00:00+00:00,missile,5.0,5.0,0.0,3
2025-03-16 00:00:00+00:00,uav,174.0,90.0,84.0,1
2025-03-17 00:00:00+00:00,missile,1.0,1.0,0.0,1
2025-03-17 00:00:00+00:00,uav,137.0,63.0,74.0,1
2025-03-18 00:00:00+00:00,missile,6.0,0.0,6.0,2
2025-03-18 00:00:00+00:00,uav,145.0,72.0,73.0,1
2025-03-19 00:00:00+00:00,missile,9.0,9.0,0.0,4
2025-03-19 00:00:00+00:00,uav,171.0,75.0,96.0,1
2025-03-20 00:00:00+00:00,missile,16.0,16.0,0.0,5
2025-03-20 00:00:00+00:00,uav,214.0,114.0,100.0,1
2025-03-21 00:00:00+00:00,missile,9.0,8.0,1.0,6
2025-03-21 00:00:00+00:00,uav,179.0,100.0,79.0,1
2025-03-22 00:00:00+00:00,uav,152.0,102.0,50.0,2
2025-03-23 00:00:00+00:00,missile,3.0,3.0,0.0,2
2025-03-23 00:00:00+00:00,uav,99.0,57.0,42.0,1
2025-03-24 00:00:00+00:00,missile,3.0,2.0,1.0,3
2025-03-24 00:00:00+00:00,uav,139.0,78.0,61.0,1
2025-03-25 00:00:00+00:00,missile,1.0,1.0,0.0,1
2025-03-25 00:00:00+00:00,uav,117.0,56.0,61.0,1
2025-03-26 00:00:00+00:00,missile,1.0,0.0,1.0,1
2025-03-26 00:00:00+00:00,uav,92.0,48.0,44.0,3
2025-03-27 00:00:00+00:00,uav,169.0,95.0,74.0,3
2025-03-28 00:00:00+00:00,uav,178.0,100.0,78.0,3
2025-03-29 00:00:00+00:00,missile,1.0,0.0,1.0,1
2025-03-29 00:00:00+00:00,uav,111.0,65.0,46.0,1
2025-03-30 00:00:00+00:00,missile,4.0,2.0,2.0,2
2025-03-30 00:00:00+00:00,uav,131.0,57.0,74.0,1
2025-03-31 00:00:00+00:00,missile,4.0,4.0,0.0,3
2025-04-01 00:00:00+00:00,uav,80.0,47.0,33.0,3
2025-04-02 00:00:00+00:00,uav,39.0,28.0,11.0,1
2025-04-03 00:00:00+00:00,uav,78.0,42.0,36.0,1
2025-04-04 00:00:00+00:00,missile,2.0,1.0,1.0,2
2025-04-04 00:00:00+00:00,uav,92.0,51.0,41.0,1
2025-04-05 00:00:00+00:00,missile,9.0,6.0,3.0,1
2025-04-05 00:00:00+00:00,uav,109.0,40.0,69.0,1
2025-04-06 00:00:00+00:00,missile,14.0,7.0,7.0,2
2025-04-07 00:00:00+00:00,missile,6.0,5.0,1.0,2
2025-04-07 00:00:00+00:00,uav,49.0,12.0,37.0,2
2025-04-08 00:00:00+00:00,missile,2.0,2.0,0.0,1
2025-04-08 00:00:00+00:00,uav,59.0,36.0,23.0,2
2025-04-09 00:00:00+00:00,missile,2.0,2.0,0.0,1
2025-04-09 00:00:00+00:00,uav,146.0,86.0,60.0,2
2025-04-10 00:00:00+00:00,missile,4.0,3.0,1.0,3
2025-04-10 00:00:00+00:00,uav,39.0,24.0,15.0,1
2025-04-11 00:00:00+00:00,uav,88.0,56.0,32.0,1
2025-04-12 00:00:00+00:00,missile,2.0,2.0,0.0,2
2025-04-12 00:00:00+00:00,uav,55.0,43.0,12.0,1
2025-04-13 00:00:00+00:00,missile,9.0,7.0,2.0,5
2025-04-13 00:00:00+00:00,uav,62.0,40.0,22.0,1
2025-04-14 00:00:00+00:00,missile,1.0,0.0,1.0,1
2025-04-14 00:00:00+00:00,uav,63.0,37.0,26.0,3
2025-04-15 00:00:00+00:00,missile,1.0,1.0,0.0,1
2025-04-15 00:00:00+00:00,uav,99.0,59.0,40.0,2
2025-04-16 00:00:00+00:00,missile,5.0,0.0,5.0,2
2025-04-16 00:00:00+00:00,uav,75.0,25.0,50.0,1
2025-04-17 00:00:00+00:00,missile,4.0,3.0,1.0,3
2025-04-17 00:00:00+00:00,uav,41.0,27.0,14.0,2
2025-04-18 00:00:00+00:00,missile,18.0,8.0,10.0,7
2025-04-18 00:00:00+00:00,uav,87.0,33.0,54.0,1
2025-04-21 00:00:00+00:00,missile,9.0,6.0,3.0,3
2025-04-21 00:00:00+00:00,uav,152.0,82.0,70.0,3
2025-04-22 00:00:00+00:00,missile,3.0,3.0,0.0,2
2025-04-22 00:00:00+00:00,uav,216.0,110.0,106.0,3
2025-04-23 00:00:00+00:00,missile,3.0,3.0,0.0,2
2025-04-23 00:00:00+00:00,uav,151.0,70.0,81.0,2
2025-04-24 00:00:00+00:00,missile,73.0,51.0,22.0,7
2025-04-24 00:00:00+00:00,uav,103.0,41.0,62.0,1
2025-04-25 00:00:00+00:00,missile,4.0,1.0,3.0,3
2025-04-25 00:00:00+00:00,uav,119.0,71.0,48.0,2
2025-04-26 00:00:00+00:00,missile,1.0,1.0,0.0,1
2025-04-26 00:00:00+00:00,uav,150.0,58.0,92.0,2
2025-04-27 00:00:00+00:00,uav,166.0,40.0,126.0,1
2025-04-28 00:00:00+00:00,missile,1.0,0.0,1.0,1
2025-04-28 00:00:00+00:00,uav,106.0,43.0,63.0,3
2025-04-29 00:00:00+00:00,missile,1.0,1.0,0.0,1
2025-04-29 00:00:00+00:00,uav,111.0,53.0,58.0,2
2025-04-30 00:00:00+00:00,missile,11.0,6.0,5.0,3
2025-04-30 00:00:00+00:00,uav,170.0,74.0,96.0,1
2025-05-01 00:00:00+00:00,missile,3.0,3.0,0.0,1
2025-05-01 00:00:00+00:00,uav,154.0,68.0,86.0,2
2025-05-02 00:00:00+00:00,missile,2.0,0.0,2.0,2
2025-05-02 00:00:00+00:00,uav,183.0,77.0,106.0,1
2025-05-03 00:00:00+00:00,missile,2.0,1.0,1.0,2
2025-05-03 00:00:00+00:00,uav,167.0,71.0,96.0,2
2025-05-04 00:00:00+00:00,missile,7.0,4.0,3.0,3
2025-05-04 00:00:00+00:00,uav,120.0,46.0,74.0,2
2025-05-05 00:00:00+00:00,missile,1.0,1.0,0.0,1
2025-05-05 00:00:00+00:00,uav,139.0,57.0,82.0,3
2025-05-06 00:00:00+00:00,missile,5.0,2.0,3.0,1
2025-05-06 00:00:00+00:00,uav,193.0,87.0,106.0,3
2025-05-07 00:00:00+00:00,uav,31.0,20.0,11.0,1
2025-05-10 00:00:00+00:00,missile,4.0,4.0,0.0,2
2025-05-11 00:00:00+00:00,missile,3.0,3.0,0.0,3
2025-05-11 00:00:00+00:00,uav,216.0,115.0,101.0,2
2025-05-12 00:00:00+00:00,missile,3.0,3.0,0.0,1
2025-05-12 00:00:00+00:00,uav,10.0,10.0,0.0,1
2025-05-13 00:00:00+00:00,missile,6.0,5.0,1.0,2
2025-05-13 00:00:00+00:00,uav,150.0,85.0,65.0,2
2025-05-14 00:00:00+00:00,uav,8.0,8.0,0.0,1
2025-05-15 00:00:00+00:00,missile,3.0,3.0,0.0,2
2025-05-15 00:00:00+00:00,uav,110.0,62.0,48.0,1
2025-05-16 00:00:00+00:00,missile,2.0,2.0,0.0,1
2025-05-16 00:00:00+00:00,uav,181.0,116.0,65.0,3
2025-05-17 00:00:00+00:00,uav,273.0,88.0,185.0,1
2025-05-18 00:00:00+00:00,missile,4.0,4.0,0.0,1
2025-05-18 00:00:00+00:00,uav,112.0,41.0,71.0,1
2025-05-19 00:00:00+00:00,missile,3.0,3.0,0.0,1
2025-05-19 00:00:00+00:00,uav,110.0,37.0,73.0,2
2025-05-20 00:00:00+00:00,missile,5.0,5.0,0.0,1
2025-05-21 00:00:00+00:00,missile,16.0,16.0,0.0,5
2025-05-21 00:00:00+00:00,uav,76.0,22.0,54.0,1
2025-05-22 00:00:00+00:00,missile,9.0,7.0,2.0,3
2025-05-22 00:00:00+00:00,uav,308.0,170.0,138.0,3
2025-05-23 00:00:00+00:00,missile,20.0,12.0,8.0,5
2025-05-23 00:00:00+00:00,uav,250.0,128.0,122.0,1
2025-05-24 00:00:00+00:00,uav,298.0,139.0,159.0,1
2025-05-25 00:00:00+00:00,missile,70.0,46.0,24.0,5
2025-05-25 00:00:00+00:00,uav,355.0,233.0,122.0,1
2025-05-26 00:00:00+00:00,missile,9.0,9.0,0.0,1
2025-05-26 00:00:00+00:00,uav,60.0,35.0,25.0,1
2025-05-27 00:00:00+00:00,missile,12.0,6.0,6.0,5
2025-05-27 00:00:00+00:00,uav,88.0,34.0,54.0,1
2025-05-28 00:00:00+00:00,missile,3.0,3.0,0.0,2
2025-05-28 00:00:00+00:00,uav,90.0,10.0,80.0,1
2025-05-29 00:00:00+00:00,missile,6.0,3.0,3.0,4
2025-05-29 00:00:00+00:00,uav,95.0,31.0,64.0,2
2025-05-30 00:00:00+00:00,missile,7.0,3.0,4.0,3
2025-05-30 00:00:00+00:00,uav,113.0,45.0,68.0,2
2025-05-31 00:00:00+00:00,missile,7.0,3.0,4.0,2
2025-05-31 00:00:00+00:00,uav,472.0,210.0,262.0,1
2025-06-01 00:00:00+00:00,missile,6.0,2.0,4.0,4
2025-06-01 00:00:00+00:00,uav,80.0,15.0,65.0,1
2025-06-02 00:00:00+00:00,uav,118.0,66.0,52.0,3
2025-06-03 00:00:00+00:00,missile,1.0,0.0,1.0,1
2025-06-03 00:00:00+00:00,uav,101.0,42.0,59.0,3
2025-06-04 00:00:00+00:00,missile,4.0,3.0,1.0,2
2025-06-04 00:00:00+00:00,uav,112.0,37.0,75.0,2
2025-06-05 00:00:00+00:00,missile,9.0,6.0,3.0,3
2025-06-05 00:00:00+00:00,uav,409.0,201.0,208.0,2
2025-06-06 00:00:00+00:00,missile,45.0,37.0,8.0,4
2025-06-06 00:00:00+00:00,uav,211.0,92.0,119.0,3
2025-06-07 00:00:00+00:00,missile,3.0,0.0,3.0,2
2025-06-07 00:00:00+00:00,uav,53.0,26.0,27.0,3
2025-06-08 00:00:00+00:00,missile,11.0,7.0,4.0,4
2025-06-08 00:00:00+00:00,uav,479.0,277.0,202.0,1
2025-06-09 00:00:00+00:00,missile,17.0,17.0,0.0,3
2025-06-09 00:00:00+00:00,uav,318.0,216.0,102.0,3
2025-06-10 00:00:00+00:00,missile,2.0,1.0,1.0,2
2025-06-10 00:00:00+00:00,uav,85.0,40.0,45.0,1
2025-06-11 00:00:00+00:00,uav,74.0,39.0,35.0,3
2025-06-12 00:00:00+00:00,missile,7.0,3.0,4.0,2
2025-06-12 00:00:00+00:00,uav,55.0,28.0,27.0,1
2025-06-13 00:00:00+00:00,uav,58.0,23.0,35.0,1
2025-06-14 00:00:00+00:00,uav,185.0,113.0,72.0,2
2025-06-15 00:00:00+00:00,missile,11.0,8.0,3.0,4
2025-06-15 00:00:00+00:00,uav,138.0,84.0,54.0,1
2025-06-16 00:00:00+00:00,missile,13.0,10.0,3.0,3
2025-06-16 00:00:00+00:00,uav,440.0,239.0,201.0,1
2025-06-17 00:00:00+00:00,missile,22.0,16.0,6.0,3
2025-06-17 00:00:00+00:00,uav,58.0,12.0,46.0,1
2025-06-18 00:00:00+00:00,missile,2.0,2.0,0.0,2
2025-06-18 00:00:00+00:00,uav,104.0,40.0,64.0,1
2025-06-19 00:00:00+00:00,missile,3.0,3.0,0.0,2
2025-06-19 00:00:00+00:00,uav,86.0,34.0,52.0,1
2025-06-20 00:00:00+00:00,missile,2.0,2.0,0.0,1
2025-06-20 00:00:00+00:00,uav,280.0,148.0,132.0,2
2025-06-21 00:00:00+00:00,missile,13.0,7.0,6.0,6
2025-06-21 00:00:00+00:00,uav,47.0,18.0,29.0,1
2025-06-22 00:00:00+00:00,missile,21.0,13.0,8.0,6
2025-06-22 00:00:00+00:00,uav,355.0,149.0,206.0,2
2025-06-23 00:00:00+00:00,missile,6.0,4.0,2.0,2
2025-06-23 00:00:00+00:00,uav,97.0,63.0,34.0,1
2025-06-24 00:00:00+00:00,missile,4.0,4.0,0.0,1
2025-06-24 00:00:00+00:00,uav,71.0,32.0,39.0,1
2025-06-25 00:00:00+00:00,missile,1.0,1.0,0.0,1
2025-06-25 00:00:00+00:00,uav,47.0,14.0,33.0,2
2025-06-26 00:00:00+00:00,missile,1.0,1.0,0.0,1
2025-06-26 00:00:00+00:00,uav,363.0,211.0,152.0,1
2025-06-27 00:00:00+00:00,missile,13.0,11.0,2.0,3
2025-06-27 00:00:00+00:00,uav,25.0,23.0,2.0,2
2025-06-28 00:00:00+00:00,missile,1.0,1.0,0.0,1
2025-06-28 00:00:00+00:00,uav,482.0,216.0,266.0,2
2025-06-29 00:00:00+00:00,missile,61.0,39.0,22.0,6
2025-06-29 00:00:00+00:00,uav,107.0,64.0,43.0,1
2025-06-30 00:00:00+00:00,uav,57.0,19.0,38.0,3
2025-07-01 00:00:00+00:00,missile,4.0,0.0,4.0,1
2025-07-01 00:00:00+00:00,uav,118.0,34.0,84.0,3
2025-07-02 00:00:00+00:00,uav,58.0,28.0,30.0,3
2025-07-03 00:00:00+00:00,missile,2.0,0.0,2.0,1
2025-07-03 00:00:00+00:00,uav,545.0,274.0,271.0,3
2025-07-04 00:00:00+00:00,missile,13.0,2.0,11.0,4
2025-07-04 00:00:00+00:00,uav,326.0,161.0,165.0,2
2025-07-05 00:00:00+00:00,missile,4.0,0.0,4.0,1
2025-07-05 00:00:00+00:00,uav,160.0,101.0,59.0,2
2025-07-06 00:00:00+00:00,missile,4.0,0.0,4.0,1
2025-07-06 00:00:00+00:00,uav,112.0,69.0,43.0,4
2025-07-07 00:00:00+00:00,uav,3.0,3.0,0.0,2
2025-07-08 00:00:00+00:00,missile,18.0,8.0,10.0,4
2025-07-08 00:00:00+00:00,uav,793.0,333.0,460.0,4
2025-07-09 00:00:00+00:00,missile,21.0,15.0,6.0,6
2025-07-09 00:00:00+00:00,uav,401.0,168.0,233.0,3
2025-07-10 00:00:00+00:00,missile,6.0,6.0,0.0,2
2025-07-10 00:00:00+00:00,uav,79.0,44.0,35.0,1
2025-07-11 00:00:00+00:00,uav,603.0,325.0,278.0,3
2025-07-12 00:00:00+00:00,missile,29.0,28.0,1.0,3
2025-07-12 00:00:00+00:00,uav,60.0,20.0,40.0,1
2025-07-13 00:00:00+00:00,missile,4.0,0.0,4.0,1
2025-07-13 00:00:00+00:00,uav,136.0,61.0,75.0,1
2025-07-14 00:00:00+00:00,missile,3.0,2.0,1.0,2
2025-07-14 00:00:00+00:00,uav,273.0,184.0,89.0,2
2025-07-15 00:00:00+00:00,missile,10.0,6.0,4.0,5
2025-07-15 00:00:00+00:00,uav,400.0,198.0,202.0,1
2025-07-16 00:00:00+00:00,uav,70.0,42.0,28.0,3
2025-07-17 00:00:00+00:00,uav,42.0,18.0,24.0,3
2025-07-18 00:00:00+00:00,missile,4.0,4.0,0.0,1
2025-07-18 00:00:00+00:00,uav,347.0,188.0,159.0,2
2025-07-19 00:00:00+00:00,missile,35.0,23.0,12.0,3
2025-07-19 00:00:00+00:00,uav,62.0,23.0,39.0,3
2025-07-20 00:00:00+00:00,missile,1.0,1.0,0.0,1
2025-07-20 00:00:00+00:00,uav,428.0,202.0,226.0,2
2025-07-21 00:00:00+00:00,missile,24.0,24.0,0.0,4
2025-07-21 00:00:00+00:00,uav,42.0,26.0,16.0,1
2025-07-22 00:00:00+00:00,missile,2.0,2.0,0.0,1
2025-07-22 00:00:00+00:00,uav,71.0,27.0,44.0,1
2025-07-23 00:00:00+00:00,missile,4.0,1.0,3.0,1
2025-07-23 00:00:00+00:00,uav,108.0,95.0,13.0,3
2025-07-24 00:00:00+00:00,missile,2.0,0.0,2.0,1
2025-07-24 00:00:00+00:00,uav,67.0,60.0,7.0,3
2025-07-25 00:00:00+00:00,missile,27.0,17.0,10.0,1
2025-07-25 00:00:00+00:00,uav,213.0,188.0,25.0,3
2025-07-26 00:00:00+00:00,uav,90.0,85.0,5.0,3
2025-07-27 00:00:00+00:00,missile,8.0,8.0,0.0,1
2025-07-27 00:00:00+00:00,uav,324.0,309.0,15.0,1
2025-07-28 00:00:00+00:00,missile,9.0,2.0,7.0,3
2025-07-28 00:00:00+00:00,uav,39.0,34.0,5.0,3
2025-07-29 00:00:00+00:00,uav,87.0,60.0,27.0,3
2025-07-30 00:00:00+00:00,missile,8.0,3.0,5.0,1
2025-07-30 00:00:00+00:00,uav,313.0,292.0,21.0,2
2025-07-31 00:00:00+00:00,uav,76.0,48.0,28.0,3
2025-08-01 00:00:00+00:00,uav,56.0,48.0,8.0,2
2025-08-02 00:00:00+00:00,missile,7.0,1.0,6.0,3
2025-08-02 00:00:00+00:00,uav,82.0,66.0,16.0,2
2025-08-03 00:00:00+00:00,uav,164.0,163.0,1.0,2
2025-08-04 00:00:00+00:00,missile,8.0,1.0,7.0,3
2025-08-04 00:00:00+00:00,uav,52.0,35.0,17.0,2
2025-08-05 00:00:00+00:00,missile,1.0,0.0,1.0,1
2025-08-05 00:00:00+00:00,uav,48.0,39.0,9.0,3
2025-08-06 00:00:00+00:00,uav,115.0,92.0,23.0,2
2025-08-07 00:00:00+00:00,uav,110.0,84.0,26.0,2
2025-08-08 00:00:00+00:00,missile,2.0,1.0,1.0,1
2025-08-08 00:00:00+00:00,uav,52.0,21.0,31.0,2
2025-08-09 00:00:00+00:00,uav,106.0,76.0,30.0,3
2025-08-10 00:00:00+00:00,uav,75.0,63.0,12.0,3
2025-08-11 00:00:00+00:00,missile,4.0,0.0,4.0,1
2025-08-11 00:00:00+00:00,uav,54.0,42.0,12.0,2
2025-08-12 00:00:00+00:00,missile,2.0,2.0,0.0,1
2025-08-12 00:00:00+00:00,uav,64.0,47.0,17.0,3
2025-08-13 00:00:00+00:00,missile,2.0,0.0,2.0,1
2025-08-13 00:00:00+00:00,uav,50.0,29.0,21.0,3
2025-08-14 00:00:00+00:00,missile,2.0,0.0,2.0,1
2025-08-14 00:00:00+00:00,uav,104.0,70.0,34.0,3
2025-08-15 00:00:00+00:00,missile,1.0,0.0,1.0,1
2025-08-15 00:00:00+00:00,uav,93.0,69.0,24.0,3
2025-08-16 00:00:00+00:00,missile,1.0,0.0,1.0,1
2025-08-16 00:00:00+00:00,uav,69.0,49.0,20.0,3
2025-08-17 00:00:00+00:00,missile,4.0,0.0,4.0,1
2025-08-17 00:00:00+00:00,uav,144.0,92.0,52.0,3
2025-08-18 00:00:00+00:00,missile,5.0,2.0,3.0,1
2025-08-18 00:00:00+00:00,uav,279.0,239.0,40.0,3
2025-08-19 00:00:00+00:00,missile,7.0,5.0,2.0,2
2025-08-19 00:00:00+00:00,uav,100.0,69.0,31.0,2
2025-08-20 00:00:00+00:00,missile,38.0,30.0,8.0,5
2025-08-20 00:00:00+00:00,uav,581.0,553.0,28.0,3
2025-08-21 00:00:00+00:00,uav,61.0,52.0,9.0,3
2025-08-22 00:00:00+00:00,uav,49.0,36.0,13.0,1
2025-08-23 00:00:00+00:00,missile,1.0,0.0,1.0,1
2025-08-23 00:00:00+00:00,uav,72.0,48.0,24.0,1
2025-08-24 00:00:00+00:00,uav,113.0,85.0,28.0,3
2025-08-25 00:00:00+00:00,uav,59.0,47.0,12.0,1
2025-08-26 00:00:00+00:00,uav,95.0,74.0,21.0,1
2025-08-27 00:00:00+00:00,uav,602.0,567.0,35.0,3
2025-08-28 00:00:00+00:00,missile,31.0,26.0,5.0,3
2025-08-28 00:00:00+00:00,uav,74.0,52.0,22.0,3
2025-08-29 00:00:00+00:00,uav,541.0,514.0,27.0,3
2025-08-30 00:00:00+00:00,missile,45.0,38.0,7.0,2
2025-08-30 00:00:00+00:00,uav,148.0,132.0,16.0,3
2025-08-31 00:00:00+00:00,uav,89.0,70.0,19.0,3
2025-09-01 00:00:00+00:00,uav,153.0,123.0,30.0,2
2025-09-02 00:00:00+00:00,uav,560.0,483.0,77.0,4
2025-09-03 00:00:00+00:00,missile,24.0,21.0,3.0,2
2025-09-03 00:00:00+00:00,uav,118.0,90.0,28.0,3
2025-09-04 00:00:00+00:00,missile,13.0,4.0,9.0,5
2025-09-04 00:00:00+00:00,uav,167.0,131.0,36.0,2
2025-09-05 00:00:00+00:00,uav,106.0,83.0,23.0,3
2025-09-06 00:00:00+00:00,missile,13.0,4.0,9.0,2
2025-09-06 00:00:00+00:00,uav,819.0,756.0,63.0,2
2025-09-07 00:00:00+00:00,uav,149.0,119.0,30.0,2
2025-09-08 00:00:00+00:00,uav,93.0,69.0,24.0,3
2025-09-09 00:00:00+00:00,missile,43.0,27.0,16.0,2
2025-09-09 00:00:00+00:00,uav,421.0,392.0,29.0,2
2025-09-10 00:00:00+00:00,uav,66.0,62.0,4.0,1
2025-09-11 00:00:00+00:00,uav,51.0,44.0,7.0,3
2025-09-12 00:00:00+00:00,missile,1.0,0.0,1.0,1
2025-09-12 00:00:00+00:00,uav,170.0,143.0,27.0,3
2025-09-13 00:00:00+00:00,missile,1.0,0.0,1.0,1
2025-09-13 00:00:00+00:00,uav,61.0,55.0,6.0,3
2025-09-14 00:00:00+00:00,missile,3.0,0.0,3.0,1
2025-09-14 00:00:00+00:00,uav,91.0,66.0,25.0,3
2025-09-15 00:00:00+00:00,uav,116.0,92.0,24.0,3
2025-09-16 00:00:00+00:00,missile,2.0,0.0,2.0,2
2025-09-16 00:00:00+00:00,uav,184.0,148.0,36.0,3
2025-09-17 00:00:00+00:00,uav,88.0,61.0,27.0,3
2025-09-18 00:00:00+00:00,missile,1.0,1.0,0.0,1
2025-09-18 00:00:00+00:00,uav,88.0,73.0,15.0,2
2025-09-19 00:00:00+00:00,uav,588.0,561.0,27.0,2
2025-09-20 00:00:00+00:00,missile,40.0,31.0,9.0,2
2025-09-20 00:00:00+00:00,uav,72.0,51.0,21.0,3
2025-09-21 00:00:00+00:00,uav,152.0,143.0,9.0,3
2025-09-22 00:00:00+00:00,missile,3.0,0.0,3.0,1
2025-09-22 00:00:00+00:00,uav,132.0,120.0,12.0,3
2025-09-23 00:00:00+00:00,uav,158.0,132.0,26.0,3
2025-09-24 00:00:00+00:00,uav,187.0,161.0,26.0,3
2025-09-25 00:00:00+00:00,uav,154.0,128.0,26.0,1
2025-09-26 00:00:00+00:00,uav,127.0,109.0,18.0,3
2025-09-27 00:00:00+00:00,uav,593.0,566.0,27.0,1
2025-09-28 00:00:00+00:00,missile,48.0,43.0,5.0,3
2025-09-28 00:00:00+00:00,uav,42.0,33.0,9.0,3
2025-09-29 00:00:00+00:00,missile,3.0,3.0,0.0,1
2025-09-29 00:00:00+00:00,uav,65.0,46.0,19.0,1
2025-09-30 00:00:00+00:00,missile,5.0,0.0,5.0,2
2025-09-30 00:00:00+00:00,uav,49.0,44.0,5.0,1
2025-10-01 00:00:00+00:00,missile,1.0,1.0,0.0,1
2025-10-01 00:00:00+00:00,uav,86.0,53.0,33.0,1
2025-10-02 00:00:00+00:00,missile,39.0,21.0,18.0,4
2025-10-02 00:00:00+00:00,uav,381.0,303.0,78.0,1
2025-10-03 00:00:00+00:00,missile,11.0,6.0,5.0,4
2025-10-03 00:00:00+00:00,uav,109.0,73.0,36.0,1
2025-10-04 00:00:00+00:00,uav,496.0,439.0,57.0,1
2025-10-05 00:00:00+00:00,missile,53.0,39.0,14.0,3
2025-10-05 00:00:00+00:00,uav,119.0,86.0,33.0,2
2025-10-06 00:00:00+00:00,missile,1.0,0.0,1.0,1
2025-10-06 00:00:00+00:00,uav,173.0,109.0,64.0,3
2025-10-07 00:00:00+00:00,uav,191.0,162.0,29.0,2
2025-10-08 00:00:00+00:00,uav,114.0,89.0,25.0,2
2025-10-09 00:00:00+00:00,missile,30.0,14.0,16.0,3
2025-10-09 00:00:00+00:00,uav,465.0,405.0,60.0,1
2025-10-10 00:00:00+00:00,missile,2.0,1.0,1.0,1
2025-10-10 00:00:00+00:00,uav,82.0,58.0,24.0,2
2025-10-11 00:00:00+00:00,missile,1.0,0.0,1.0,1
2025-10-11 00:00:00+00:00,uav,120.0,105.0,15.0,2
2025-10-12 00:00:00+00:00,uav,90.0,77.0,13.0,2
2025-10-13 00:00:00+00:00,uav,104.0,77.0,27.0,3
2025-10-14 00:00:00+00:00,uav,127.0,100.0,27.0,3
2025-10-15 00:00:00+00:00,missile,7.0,5.0,2.0,1
2025-10-15 00:00:00+00:00,uav,327.0,290.0,37.0,3
2025-10-16 00:00:00+00:00,missile,30.0,0.0,30.0,3
2025-10-16 00:00:00+00:00,uav,76.0,41.0,35.0,2
2025-10-17 00:00:00+00:00,missile,3.0,0.0,3.0,1
2025-10-17 00:00:00+00:00,uav,173.0,145.0,28.0,3
2025-10-18 00:00:00+00:00,uav,75.0,53.0,22.0,3
2025-10-19 00:00:00+00:00,missile,3.0,0.0,3.0,1
2025-10-19 00:00:00+00:00,uav,68.0,46.0,22.0,3
2025-10-20 00:00:00+00:00,missile,6.0,0.0,6.0,2
2025-10-20 00:00:00+00:00,uav,101.0,61.0,40.0,2
2025-10-21 00:00:00+00:00,missile,24.0,16.0,8.0,3
2025-10-21 00:00:00+00:00,uav,412.0,340.0,72.0,2
2025-10-22 00:00:00+00:00,missile,4.0,0.0,4.0,1
2025-10-22 00:00:00+00:00,uav,140.0,102.0,38.0,3
2025-10-23 00:00:00+00:00,uav,136.0,80.0,56.0,2
2025-10-24 00:00:00+00:00,missile,12.0,6.0,6.0,2
2025-10-24 00:00:00+00:00,uav,62.0,50.0,12.0,1
2025-10-25 00:00:00+00:00,missile,3.0,3.0,0.0,1
2025-10-25 00:00:00+00:00,uav,101.0,90.0,11.0,1
2025-10-26 00:00:00+00:00,uav,100.0,66.0,34.0,1
2025-10-27 00:00:00+00:00,uav,47.0,35.0,12.0,2
2025-10-28 00:00:00+00:00,uav,134.0,101.0,33.0,2
2025-10-29 00:00:00+00:00,uav,660.0,599.0,61.0,3
2025-10-30 00:00:00+00:00,missile,53.0,32.0,21.0,9
2025-10-30 00:00:00+00:00,uav,153.0,115.0,38.0,3
2025-10-31 00:00:00+00:00,uav,227.0,210.0,17.0,3
2025-11-01 00:00:00+00:00,missile,3.0,0.0,3.0,2
2025-11-01 00:00:00+00:00,uav,91.0,79.0,12.0,2
2025-11-02 00:00:00+00:00,missile,12.0,1.0,11.0,3
2025-11-02 00:00:00+00:00,uav,145.0,122.0,23.0,3
2025-11-03 00:00:00+00:00,missile,7.0,0.0,7.0,2
2025-11-03 00:00:00+00:00,uav,138.0,100.0,38.0,3
2025-11-04 00:00:00+00:00,uav,88.0,69.0,19.0,2
2025-11-05 00:00:00+00:00,uav,135.0,108.0,27.0,1
2025-11-06 00:00:00+00:00,uav,135.0,101.0,34.0,2
2025-11-07 00:00:00+00:00,missile,45.0,9.0,36.0,2
2025-11-07 00:00:00+00:00,uav,464.0,412.0,52.0,2
2025-11-08 00:00:00+00:00,uav,74.0,39.0,35.0,2
2025-11-09 00:00:00+00:00,missile,10.0,5.0,5.0,2
2025-11-09 00:00:00+00:00,uav,67.0,52.0,15.0,1
2025-11-10 00:00:00+00:00,missile,2.0,0.0,2.0,1
2025-11-10 00:00:00+00:00,uav,119.0,53.0,66.0,1
2025-11-11 00:00:00+00:00,uav,138.0,107.0,31.0,2
2025-11-12 00:00:00+00:00,missile,2.0,0.0,2.0,2
2025-11-12 00:00:00+00:00,uav,165.0,129.0,36.0,3
2025-11-13 00:00:00+00:00,missile,23.0,19.0,4.0,4
2025-11-13 00:00:00+00:00,uav,431.0,406.0,25.0,2
2025-11-14 00:00:00+00:00,missile,10.0,8.0,2.0,3
2025-11-14 00:00:00+00:00,uav,136.0,92.0,44.0,2
2025-11-15 00:00:00+00:00,missile,12.0,11.0,1.0,3
2025-11-15 00:00:00+00:00,uav,176.0,139.0,37.0,1
2025-11-16 00:00:00+00:00,missile,2.0,0.0,2.0,1
2025-11-16 00:00:00+00:00,uav,128.0,91.0,37.0,1
2025-11-17 00:00:00+00:00,missile,17.0,13.0,4.0,2
2025-11-17 00:00:00+00:00,uav,114.0,101.0,13.0,1
2025-11-18 00:00:00+00:00,missile,1.0,0.0,1.0,1
2025-11-18 00:00:00+00:00,uav,489.0,455.0,34.0,2
2025-11-19 00:00:00+00:00,missile,51.0,45.0,6.0,3
2025-11-19 00:00:00+00:00,uav,136.0,106.0,30.0,1
2025-11-20 00:00:00+00:00,uav,115.0,95.0,20.0,1
2025-11-21 00:00:00+00:00,missile,1.0,0.0,1.0,1
2025-11-21 00:00:00+00:00,uav,160.0,145.0,15.0,4
2025-11-22 00:00:00+00:00,uav,108.0,79.0,29.0,3
2025-11-23 00:00:00+00:00,uav,169.0,132.0,37.0,3
2025-11-24 00:00:00+00:00,missile,18.0,13.0,5.0,3
2025-11-24 00:00:00+00:00,uav,469.0,443.0,26.0,2
2025-11-25 00:00:00+00:00,missile,6.0,1.0,5.0,3
2025-11-25 00:00:00+00:00,uav,102.0,84.0,18.0,3
2025-11-26 00:00:00+00:00,missile,11.0,11.0,0.0,1
2025-11-26 00:00:00+00:00,uav,142.0,92.0,50.0,1
2025-11-27 00:00:00+00:00,missile,1.0,0.0,1.0,1
2025-11-27 00:00:00+00:00,uav,82.0,73.0,9.0,3
2025-11-28 00:00:00+00:00,missile,36.0,19.0,17.0,4
2025-11-28 00:00:00+00:00,uav,600.0,562.0,38.0,2
2025-11-29 00:00:00+00:00,missile,2.0,0.0,2.0,1
2025-11-29 00:00:00+00:00,uav,125.0,107.0,18.0,2
2025-11-30 00:00:00+00:00,uav,89.0,63.0,26.0,1
2025-12-01 00:00:00+00:00,uav,62.0,39.0,23.0,1
2025-12-02 00:00:00+00:00,uav,114.0,86.0,28.0,2
2025-12-03 00:00:00+00:00,missile,2.0,0.0,2.0,2
2025-12-03 00:00:00+00:00,uav,138.0,114.0,24.0,1
2025-12-04 00:00:00+00:00,missile,12.0,12.0,0.0,1
2025-12-04 00:00:00+00:00,uav,137.0,80.0,57.0,1
2025-12-05 00:00:00+00:00,missile,53.0,35.0,18.0,3
2025-12-05 00:00:00+00:00,uav,653.0,585.0,68.0,1
2025-12-06 00:00:00+00:00,missile,13.0,9.0,4.0,4
2025-12-06 00:00:00+00:00,uav,241.0,175.0,66.0,1
2025-12-07 00:00:00+00:00,missile,6.0,6.0,0.0,1
2025-12-07 00:00:00+00:00,uav,149.0,131.0,18.0,1
2025-12-08 00:00:00+00:00,missile,5.0,5.0,0.0,1
2025-12-08 00:00:00+00:00,uav,110.0,84.0,26.0,1
2025-12-09 00:00:00+00:00,missile,21.0,21.0,0.0,1
2025-12-09 00:00:00+00:00,uav,80.0,50.0,30.0,1
2025-12-10 00:00:00+00:00,missile,12.0,11.0,1.0,2
2025-12-10 00:00:00+00:00,uav,151.0,83.0,68.0,1
2025-12-11 00:00:00+00:00,missile,11.0,11.0,0.0,1
2025-12-11 00:00:00+00:00,uav,80.0,64.0,16.0,1
2025-12-12 00:00:00+00:00,missile,29.0,13.0,16.0,4
2025-12-12 00:00:00+00:00,uav,465.0,417.0,48.0,1
2025-12-13 00:00:00+00:00,missile,5.0,0.0,5.0,2
2025-12-13 00:00:00+00:00,uav,138.0,110.0,28.0,1
2025-12-14 00:00:00+00:00,uav,165.0,145.0,20.0,3
2025-12-15 00:00:00+00:00,missile,20.0,20.0,0.0,1
2025-12-15 00:00:00+00:00,uav,69.0,57.0,12.0,1
2025-12-16 00:00:00+00:00,uav,97.0,65.0,32.0,3
2025-12-17 00:00:00+00:00,uav,104.0,85.0,19.0,3
2025-12-18 00:00:00+00:00,uav,172.0,120.0,52.0,3
2025-12-19 00:00:00+00:00,missile,4.0,0.0,4.0,1
2025-12-19 00:00:00+00:00,uav,78.0,58.0,20.0,3
2025-12-20 00:00:00+00:00,uav,97.0,75.0,22.0,1
2025-12-21 00:00:00+00:00,missile,3.0,2.0,1.0,2
2025-12-21 00:00:00+00:00,uav,86.0,58.0,28.0,1
2025-12-22 00:00:00+00:00,uav,657.0,609.0,48.0,2
2025-12-23 00:00:00+00:00,missile,38.0,34.0,4.0,2
2025-12-23 00:00:00+00:00,uav,154.0,98.0,56.0,3
2025-12-24 00:00:00+00:00,uav,162.0,137.0,25.0,3
2025-12-25 00:00:00+00:00,missile,1.0,0.0,1.0,1
2025-12-25 00:00:00+00:00,uav,133.0,107.0,26.0,3
2025-12-26 00:00:00+00:00,missile,40.0,29.0,11.0,4
2025-12-26 00:00:00+00:00,uav,529.0,484.0,45.0,2
2025-12-27 00:00:00+00:00,missile,23.0,23.0,0.0,1
2025-12-27 00:00:00+00:00,uav,48.0,30.0,18.0,1
2025-12-28 00:00:00+00:00,missile,13.0,13.0,0.0,1
2025-12-28 00:00:00+00:00,uav,25.0,21.0,4.0,1
2025-12-29 00:00:00+00:00,missile,10.0,9.0,1.0,3
2025-12-29 00:00:00+00:00,uav,60.0,52.0,8.0,1
2025-12-30 00:00:00+00:00,missile,12.0,12.0,0.0,1
2025-12-30 00:00:00+00:00,uav,127.0,101.0,26.0,1
2025-12-31 00:00:00+00:00,missile,11.0,11.0,0.0,1
2025-12-31 00:00:00+00:00,uav,205.0,176.0,29.0,1
2026-01-01 00:00:00+00:00,missile,29.0,29.0,0.0,1
2026-01-01 00:00:00+00:00,uav,127.0,97.0,30.0,3
2026-01-02 00:00:00+00:00,missile,8.0,8.0,0.0,1
2026-01-02 00:00:00+00:00,uav,95.0,80.0,15.0,1
2026-01-03 00:00:00+00:00,missile,12.0,12.0,0.0,1
2026-01-03 00:00:00+00:00,uav,52.0,39.0,13.0,1
2026-01-04 00:00:00+00:00,missile,21.0,12.0,9.0,2
2026-01-04 00:00:00+00:00,uav,165.0,137.0,28.0,1
2026-01-05 00:00:00+00:00,missile,18.0,18.0,0.0,1
2026-01-05 00:00:00+00:00,uav,62.0,54.0,8.0,2
2026-01-06 00:00:00+00:00,missile,15.0,14.0,1.0,2
2026-01-06 00:00:00+00:00,uav,95.0,81.0,14.0,1
2026-01-07 00:00:00+00:00,missile,12.0,10.0,2.0,3
2026-01-07 00:00:00+00:00,uav,97.0,70.0,27.0,1
2026-01-08 00:00:00+00:00,missile,40.0,22.0,18.0,4
2026-01-08 00:00:00+00:00,uav,248.0,232.0,16.0,2
2026-01-09 00:00:00+00:00,missile,12.0,11.0,1.0,3
2026-01-09 00:00:00+00:00,uav,121.0,94.0,27.0,1
2026-01-10 00:00:00+00:00,missile,12.0,12.0,0.0,1
2026-01-10 00:00:00+00:00,uav,154.0,125.0,29.0,1
2026-01-11 00:00:00+00:00,missile,6.0,6.0,0.0,1
2026-01-11 00:00:00+00:00,uav,167.0,146.0,21.0,2
2026-01-12 00:00:00+00:00,missile,25.0,7.0,18.0,2
2026-01-12 00:00:00+00:00,uav,312.0,259.0,53.0,3
2026-01-13 00:00:00+00:00,missile,3.0,1.0,2.0,1
2026-01-13 00:00:00+00:00,uav,136.0,112.0,24.0,3
2026-01-14 00:00:00+00:00,uav,111.0,90.0,21.0,3
2026-01-15 00:00:00+00:00,missile,4.0,1.0,3.0,2
2026-01-15 00:00:00+00:00,uav,101.0,78.0,23.0,2
2026-01-16 00:00:00+00:00,missile,20.0,20.0,0.0,1
2026-01-16 00:00:00+00:00,uav,116.0,97.0,19.0,2
2026-01-17 00:00:00+00:00,missile,11.0,11.0,0.0,1
2026-01-17 00:00:00+00:00,uav,201.0,167.0,34.0,1
2026-01-18 00:00:00+00:00,missile,20.0,20.0,0.0,1
2026-01-18 00:00:00+00:00,uav,145.0,126.0,19.0,1
2026-01-19 00:00:00+00:00,missile,49.0,42.0,7.0,4
2026-01-19 00:00:00+00:00,uav,340.0,316.0,24.0,2
2026-01-20 00:00:00+00:00,missile,27.0,26.0,1.0,2
2026-01-20 00:00:00+00:00,uav,100.0,87.0,13.0,2
2026-01-21 00:00:00+00:00,missile,10.0,9.0,1.0,2
2026-01-21 00:00:00+00:00,uav,96.0,82.0,14.0,2
2026-01-22 00:00:00+00:00,uav,101.0,76.0,25.0,1
2026-01-23 00:00:00+00:00,missile,42.0,36.0,6.0,5
2026-01-23 00:00:00+00:00,uav,375.0,357.0,18.0,1
2026-01-24 00:00:00+00:00,missile,2.0,0.0,2.0,1
2026-01-24 00:00:00+00:00,uav,135.0,120.0,15.0,2
2026-01-25 00:00:00+00:00,missile,23.0,23.0,0.0,1
2026-01-25 00:00:00+00:00,uav,138.0,110.0,28.0,1
2026-01-26 00:00:00+00:00,uav,170.0,140.0,30.0,2
2026-01-27 00:00:00+00:00,missile,1.0,0.0,1.0,1
2026-01-27 00:00:00+00:00,uav,166.0,123.0,43.0,3
2026-01-28 00:00:00+00:00,uav,122.0,101.0,21.0,4
2026-01-29 00:00:00+00:00,missile,17.0,16.0,1.0,2
2026-01-29 00:00:00+00:00,uav,111.0,80.0,31.0,1
2026-01-30 00:00:00+00:00,uav,91.0,70.0,21.0,2
2026-01-31 00:00:00+00:00,uav,90.0,76.0,14.0,1
2026-02-01 00:00:00+00:00,missile,1.0,0.0,1.0,1
2026-02-01 00:00:00+00:00,uav,196.0,182.0,14.0,3
2026-02-02 00:00:00+00:00,missile,71.0,38.0,33.0,4
2026-02-02 00:00:00+00:00,uav,479.0,441.0,38.0,3
2026-02-03 00:00:00+00:00,uav,120.0,103.0,17.0,3
2026-02-04 00:00:00+00:00,missile,2.0,0.0,2.0,1
2026-02-04 00:00:00+00:00,uav,202.0,175.0,27.0,3
2026-02-05 00:00:00+00:00,missile,16.0,9.0,7.0,3
2026-02-05 00:00:00+00:00,uav,330.0,299.0,31.0,3
2026-02-06 00:00:00+00:00,missile,9.0,9.0,0.0,1
2026-02-06 00:00:00+00:00,uav,408.0,382.0,26.0,1
2026-02-07 00:00:00+00:00,missile,39.0,24.0,15.0,3
2026-02-07 00:00:00+00:00,uav,101.0,69.0,32.0,1
2026-02-08 00:00:00+00:00,missile,42.0,31.0,11.0,2
2026-02-08 00:00:00+00:00,uav,149.0,116.0,33.0,1
2026-02-09 00:00:00+00:00,missile,24.0,24.0,0.0,1
2026-02-09 00:00:00+00:00,uav,127.0,112.0,15.0,2
2026-02-10 00:00:00+00:00,missile,1.0,0.0,1.0,1
2026-02-10 00:00:00+00:00,uav,160.0,143.0,17.0,3
2026-02-11 00:00:00+00:00,missile,29.0,16.0,13.0,4
2026-02-11 00:00:00+00:00,uav,249.0,227.0,22.0,3
2026-02-12 00:00:00+00:00,missile,1.0,0.0,1.0,1
2026-02-12 00:00:00+00:00,uav,181.0,138.0,43.0,2
2026-02-13 00:00:00+00:00,missile,3.0,0.0,3.0,2
2026-02-13 00:00:00+00:00,uav,145.0,124.0,21.0,4
2026-02-14 00:00:00+00:00,missile,20.0,20.0,0.0,1
2026-02-14 00:00:00+00:00,uav,83.0,55.0,28.0,1
2026-02-15 00:00:00+00:00,missile,9.0,5.0,4.0,4
2026-02-15 00:00:00+00:00,uav,63.0,53.0,10.0,2
2026-02-16 00:00:00+00:00,missile,33.0,28.0,5.0,5
2026-02-16 00:00:00+00:00,uav,397.0,368.0,29.0,2
2026-02-17 00:00:00+00:00,missile,47.0,46.0,1.0,3
2026-02-17 00:00:00+00:00,uav,127.0,101.0,26.0,2
2026-02-18 00:00:00+00:00,uav,37.0,29.0,8.0,1
2026-02-19 00:00:00+00:00,missile,2.0,0.0,2.0,2
2026-02-19 00:00:00+00:00,uav,151.0,130.0,21.0,3
2026-02-20 00:00:00+00:00,missile,1.0,0.0,1.0,1
2026-02-20 00:00:00+00:00,uav,140.0,126.0,14.0,3
2026-02-21 00:00:00+00:00,uav,329.0,306.0,23.0,3
2026-02-22 00:00:00+00:00,missile,51.0,33.0,18.0,6
2026-02-22 00:00:00+00:00,uav,165.0,144.0,21.0,3
2026-02-23 00:00:00+00:00,missile,1.0,0.0,1.0,1
2026-02-23 00:00:00+00:00,uav,167.0,145.0,22.0,3
2026-02-24 00:00:00+00:00,uav,127.0,107.0,20.0,2
2026-02-25 00:00:00+00:00,missile,1.0,0.0,1.0,1
2026-02-25 00:00:00+00:00,uav,447.0,400.0,47.0,2
2026-02-26 00:00:00+00:00,missile,39.0,32.0,7.0,4
2026-02-26 00:00:00+00:00,uav,200.0,178.0,22.0,2
2026-02-27 00:00:00+00:00,missile,1.0,0.0,1.0,1
2026-02-27 00:00:00+00:00,uav,142.0,133.0,9.0,3
2026-02-28 00:00:00+00:00,uav,165.0,152.0,13.0,3
2026-03-01 00:00:00+00:00,missile,1.0,0.0,1.0,1
2026-03-01 00:00:00+00:00,uav,132.0,122.0,10.0,3
2026-03-02 00:00:00+00:00,missile,1.0,0.0,1.0,1
2026-03-02 00:00:00+00:00,uav,167.0,158.0,9.0,2
2026-03-03 00:00:00+00:00,uav,187.0,167.0,20.0,3
2026-03-04 00:00:00+00:00,missile,2.0,0.0,2.0,2
2026-03-04 00:00:00+00:00,uav,193.0,174.0,19.0,3
2026-03-05 00:00:00+00:00,uav,173.0,143.0,30.0,3
2026-03-06 00:00:00+00:00,uav,510.0,483.0,27.0,2
2026-03-07 00:00:00+00:00,missile,31.0,19.0,12.0,4
2026-03-07 00:00:00+00:00,uav,153.0,134.0,19.0,3
2026-03-08 00:00:00+00:00,missile,2.0,0.0,2.0,1
2026-03-08 00:00:00+00:00,uav,237.0,201.0,36.0,3
2026-03-09 00:00:00+00:00,missile,3.0,0.0,3.0,1
2026-03-09 00:00:00+00:00,uav,186.0,171.0,15.0,3
2026-03-10 00:00:00+00:00,uav,131.0,122.0,9.0,3
2026-03-11 00:00:00+00:00,uav,131.0,114.0,17.0,3
2026-03-12 00:00:00+00:00,missile,1.0,0.0,1.0,1
2026-03-12 00:00:00+00:00,uav,171.0,162.0,9.0,3
2026-03-13 00:00:00+00:00,uav,463.0,435.0,28.0,3
2026-03-14 00:00:00+00:00,missile,68.0,58.0,10.0,5
2026-03-14 00:00:00+00:00,uav,114.0,107.0,7.0,3
2026-03-15 00:00:00+00:00,uav,226.0,209.0,17.0,3
2026-03-16 00:00:00+00:00,missile,1.0,0.0,1.0,1
2026-03-16 00:00:00+00:00,uav,206.0,182.0,24.0,2
2026-03-17 00:00:00+00:00,uav,181.0,162.0,19.0,3
2026-03-18 00:00:00+00:00,uav,179.0,155.0,24.0,2
2026-03-19 00:00:00+00:00,uav,198.0,175.0,23.0,3
2026-03-20 00:00:00+00:00,uav,192.0,186.0,6.0,2
2026-03-21 00:00:00+00:00,uav,180.0,168.0,12.0,2
2026-03-22 00:00:00+00:00,uav,286.0,269.0,17.0,2
2026-03-23 00:00:00+00:00,missile,16.0,14.0,2.0,4
2026-03-23 00:00:00+00:00,uav,458.0,431.0,27.0,3
2026-03-24 00:00:00+00:00,missile,18.0,18.0,0.0,1
2026-03-24 00:00:00+00:00,uav,755.0,714.0,41.0,3
2026-03-25 00:00:00+00:00,uav,214.0,191.0,23.0,2
2026-03-26 00:00:00+00:00,uav,146.0,137.0,9.0,2
2026-03-27 00:00:00+00:00,uav,337.0,316.0,21.0,2
2026-03-28 00:00:00+00:00,missile,1.0,0.0,1.0,1
2026-03-28 00:00:00+00:00,uav,483.0,421.0,62.0,2
2026-03-29 00:00:00+00:00,missile,1.0,0.0,1.0,1
2026-03-29 00:00:00+00:00,uav,230.0,216.0,14.0,4
2026-03-30 00:00:00+00:00,uav,328.0,306.0,22.0,2
2026-03-31 00:00:00+00:00,uav,342.0,301.0,41.0,2
2026-04-01 00:00:00+00:00,uav,565.0,524.0,41.0,3
2026-04-02 00:00:00+00:00,missile,14.0,2.0,12.0,3
2026-04-02 00:00:00+00:00,uav,542.0,515.0,27.0,1
2026-04-03 00:00:00+00:00,missile,25.0,24.0,1.0,1
2026-04-03 00:00:00+00:00,uav,332.0,306.0,26.0,2
2026-04-04 00:00:00+00:00,uav,187.0,170.0,17.0,2
2026-04-05 00:00:00+00:00,uav,217.0,190.0,27.0,2
2026-04-06 00:00:00+00:00,uav,178.0,145.0,33.0,2
2026-04-07 00:00:00+00:00,uav,211.0,181.0,30.0,2
2026-04-08 00:00:00+00:00,uav,211.0,191.0,20.0,2
2026-04-09 00:00:00+00:00,uav,196.0,181.0,15.0,2
2026-04-10 00:00:00+00:00,uav,242.0,215.0,27.0,2
2026-04-13 00:00:00+00:00,missile,5.0,1.0,4.0,2
2026-04-13 00:00:00+00:00,uav,288.0,262.0,26.0,3
2026-04-14 00:00:00+00:00,missile,3.0,0.0,3.0,1
2026-04-14 00:00:00+00:00,uav,412.0,397.0,15.0,2
2026-04-15 00:00:00+00:00,missile,44.0,31.0,13.0,3
2026-04-15 00:00:00+00:00,uav,676.0,653.0,23.0,2
2026-04-16 00:00:00+00:00,missile,1.0,0.0,1.0,1
2026-04-16 00:00:00+00:00,uav,246.0,221.0,25.0,2
2026-04-17 00:00:00+00:00,uav,296.0,267.0,29.0,2
2026-04-18 00:00:00+00:00,uav,298.0,265.0,33.0,2
2026-04-19 00:00:00+00:00,uav,211.0,182.0,29.0,2
2026-04-20 00:00:00+00:00,missile,2.0,1.0,1.0,1
2026-04-20 00:00:00+00:00,uav,207.0,180.0,27.0,2
2026-04-21 00:00:00+00:00,uav,240.0,214.0,26.0,2
2026-04-22 00:00:00+00:00,uav,228.0,212.0,16.0,2
2026-04-23 00:00:00+00:00,missile,2.0,0.0,2.0,1
2026-04-23 00:00:00+00:00,uav,122.0,111.0,11.0,2
2026-04-24 00:00:00+00:00,missile,13.0,0.0,13.0,2
2026-04-24 00:00:00+00:00,uav,664.0,625.0,39.0,2
2026-04-25 00:00:00+00:00,missile,34.0,30.0,4.0,2
2026-04-25 00:00:00+00:00,uav,228.0,208.0,20.0,2
2026-04-26 00:00:00+00:00,uav,134.0,114.0,20.0,2
2026-04-27 00:00:00+00:00,uav,161.0,133.0,28.0,2
2026-04-28 00:00:00+00:00,uav,224.0,207.0,17.0,2
2026-04-29 00:00:00+00:00,missile,1.0,0.0,1.0,1
2026-04-29 00:00:00+00:00,uav,258.0,224.0,34.0,2
2026-04-30 00:00:00+00:00,uav,269.0,249.0,20.0,2
2026-05-01 00:00:00+00:00,uav,645.0,603.0,42.0,3
2026-05-02 00:00:00+00:00,missile,1.0,0.0,1.0,1
2026-05-02 00:00:00+00:00,uav,553.0,527.0,26.0,3
2026-05-03 00:00:00+00:00,missile,7.0,4.0,3.0,2
2026-05-03 00:00:00+00:00,uav,439.0,360.0,79.0,3
2026-05-04 00:00:00+00:00,missile,12.0,1.0,11.0,2
2026-05-04 00:00:00+00:00,uav,285.0,252.0,33.0,3
2026-05-05 00:00:00+00:00,missile,3.0,0.0,3.0,2
2026-05-05 00:00:00+00:00,uav,169.0,150.0,19.0,2
2026-05-06 00:00:00+00:00,uav,152.0,142.0,10.0,2
2026-05-07 00:00:00+00:00,uav,122.0,111.0,11.0,2
2026-05-08 00:00:00+00:00,missile,1.0,0.0,1.0,1
2026-05-08 00:00:00+00:00,uav,63.0,54.0,9.0,2
2026-05-09 00:00:00+00:00,uav,43.0,43.0,0.0,2
2026-05-10 00:00:00+00:00,uav,76.0,76.0,0.0,3
2026-05-11 00:00:00+00:00,uav,314.0,290.0,24.0,3
2026-05-12 00:00:00+00:00,uav,270.0,242.0,28.0,3
2026-05-13 00:00:00+00:00,missile,21.0,12.0,9.0,2
2026-05-13 00:00:00+00:00,uav,1428.0,1362.0,66.0,2
2026-05-14 00:00:00+00:00,missile,41.0,30.0,11.0,3
2026-05-14 00:00:00+00:00,uav,205.0,194.0,11.0,2
2026-05-15 00:00:00+00:00,missile,1.0,0.0,1.0,1
2026-05-15 00:00:00+00:00,uav,358.0,333.0,25.0,2
2026-05-16 00:00:00+00:00,uav,355.0,347.0,8.0,2
2026-05-17 00:00:00+00:00,missile,24.0,6.0,18.0,3
2026-05-17 00:00:00+00:00,uav,589.0,568.0,21.0,2
2026-05-18 00:00:00+00:00,uav,267.0,238.0,29.0,2
2026-05-19 00:00:00+00:00,missile,3.0,2.0,1.0,2
2026-05-19 00:00:00+00:00,uav,208.0,185.0,23.0,2
2026-05-20 00:00:00+00:00,missile,1.0,0.0,1.0,1
2026-05-20 00:00:00+00:00,uav,237.0,221.0,16.0,3
2026-05-21 00:00:00+00:00,uav,161.0,152.0,9.0,2
2026-05-22 00:00:00+00:00,uav,169.0,147.0,22.0,2
2026-05-23 00:00:00+00:00,missile,1.0,0.0,1.0,1
2026-05-23 00:00:00+00:00,uav,635.0,584.0,51.0,2
2026-05-24 00:00:00+00:00,missile,90.0,55.0,35.0,5
2026-05-24 00:00:00+00:00,uav,298.0,282.0,16.0,2
2026-05-25 00:00:00+00:00,missile,2.0,0.0,2.0,2
2026-05-25 00:00:00+00:00,uav,197.0,186.0,11.0,2
2026-05-26 00:00:00+00:00,uav,190.0,177.0,13.0,2
2026-05-27 00:00:00+00:00,missile,1.0,0.0,1.0,1
2026-05-27 00:00:00+00:00,uav,200.0,191.0,9.0,3
2026-05-28 00:00:00+00:00,missile,1.0,0.0,1.0,1
2026-05-28 00:00:00+00:00,uav,306.0,291.0,15.0,2
2026-05-29 00:00:00+00:00,missile,7.0,5.0,2.0,2
2026-05-29 00:00:00+00:00,uav,330.0,319.0,11.0,2
2026-05-30 00:00:00+00:00,uav,275.0,258.0,17.0,2
2026-05-31 00:00:00+00:00,uav,342.0,305.0,37.0,2
2026-06-01 00:00:00+00:00,missile,41.0,11.0,30.0,2
2026-06-01 00:00:00+00:00,uav,742.0,688.0,54.0,2
2026-06-02 00:00:00+00:00,missile,32.0,29.0,3.0,2
2026-06-02 00:00:00+00:00,uav,273.0,264.0,9.0,2
2026-06-03 00:00:00+00:00,missile,1.0,0.0,1.0,1
2026-06-03 00:00:00+00:00,uav,360.0,331.0,29.0,2
2026-06-04 00:00:00+00:00,missile,2.0,0.0,2.0,1
2026-06-04 00:00:00+00:00,uav,270.0,252.0,18.0,2
2026-06-05 00:00:00+00:00,missile,1.0,0.0,1.0,1
2026-06-05 00:00:00+00:00,uav,348.0,325.0,23.0,2
2026-06-06 00:00:00+00:00,uav,318.0,297.0,21.0,2
2026-06-07 00:00:00+00:00,uav,214.0,183.0,31.0,2
2026-06-08 00:00:00+00:00,missile,4.0,0.0,4.0,2
2026-06-08 00:00:00+00:00,uav,247.0,227.0,20.0,2
2026-06-09 00:00:00+00:00,uav,286.0,260.0,26.0,2
2026-06-10 00:00:00+00:00,missile,6.0,2.0,4.0,3
2026-06-10 00:00:00+00:00,uav,298.0,272.0,26.0,2
2026-06-11 00:00:00+00:00,uav,201.0,186.0,15.0,2
2026-06-12 00:00:00+00:00,missile,2.0,2.0,0.0,1
2026-06-12 00:00:00+00:00,uav,199.0,191.0,8.0,2
2026-06-13 00:00:00+00:00,missile,2.0,0.0,2.0,1
2026-06-13 00:00:00+00:00,uav,158.0,151.0,7.0,2
2026-06-14 00:00:00+00:00,missile,70.0,50.0,20.0,3
2026-06-14 00:00:00+00:00,uav,667.0,638.0,29.0,2
2026-06-15 00:00:00+00:00,missile,2.0,0.0,2.0,1
2026-06-15 00:00:00+00:00,uav,196.0,178.0,18.0,2
2026-06-16 00:00:00+00:00,uav,210.0,188.0,22.0,2
2026-06-17 00:00:00+00:00,missile,7.0,4.0,3.0,1
2026-06-17 00:00:00+00:00,uav,292.0,265.0,27.0,2
2026-06-18 00:00:00+00:00,uav,159.0,148.0,11.0,2
2026-06-19 00:00:00+00:00,uav,200.0,193.0,7.0,2
2026-06-20 00:00:00+00:00,missile,4.0,0.0,4.0,2
2026-06-20 00:00:00+00:00,uav,204.0,195.0,9.0,2
2026-06-21 00:00:00+00:00,missile,1.0,0.0,1.0,1
2026-06-21 00:00:00+00:00,uav,203.0,194.0,9.0,2
2026-06-22 00:00:00+00:00,uav,211.0,194.0,17.0,3
2026-06-23 00:00:00+00:00,missile,1.0,0.0,1.0,1
2026-06-23 00:00:00+00:00,uav,130.0,124.0,6.0,2
2026-06-24 00:00:00+00:00,missile,2.0,0.0,2.0,2
2026-06-24 00:00:00+00:00,uav,114.0,107.0,7.0,2
2026-06-25 00:00:00+00:00,missile,7.0,3.0,4.0,1
2026-06-25 00:00:00+00:00,uav,235.0,220.0,15.0,2
2026-06-26 00:00:00+00:00,uav,189.0,173.0,16.0,2
2026-06-27 00:00:00+00:00,missile,8.0,8.0,0.0,3
2026-06-27 00:00:00+00:00,uav,185.0,168.0,17.0,2
2026-06-28 00:00:00+00:00,uav,162.0,136.0,26.0,2
2026-06-29 00:00:00+00:00,uav,205.0,189.0,16.0,2
2026-06-30 00:00:00+00:00,missile,2.0,1.0,1.0,2
2026-06-30 00:00:00+00:00,uav,233.0,212.0,21.0,2
2026-07-01 00:00:00+00:00,missile,1.0,0.0,1.0,1
2026-07-01 00:00:00+00:00,uav,550.0,530.0,20.0,2
2026-07-02 00:00:00+00:00,missile,76.0,49.0,27.0,6
2026-07-02 00:00:00+00:00,uav,157.0,134.0,23.0,2
2026-07-03 00:00:00+00:00,missile,2.0,0.0,2.0,2
2026-07-03 00:00:00+00:00,uav,129.0,112.0,17.0,2
2026-07-04 00:00:00+00:00,missile,4.0,3.0,1.0,2
2026-07-04 00:00:00+00:00,uav,177.0,164.0,13.0,2
2026-07-05 00:00:00+00:00,missile,2.0,0.0,2.0,1
2026-07-05 00:00:00+00:00,uav,438.0,413.0,25.0,2
2026-07-06 00:00:00+00:00,missile,70.0,37.0,33.0,5
2026-07-06 00:00:00+00:00,uav,198.0,183.0,15.0,2
2026-07-07 00:00:00+00:00,missile,8.0,0.0,8.0,3
2026-07-07 00:00:00+00:00,uav,228.0,198.0,30.0,2
2026-07-08 00:00:00+00:00,missile,4.0,0.0,4.0,2
2026-07-08 00:00:00+00:00,uav,126.0,104.0,22.0,2
2026-07-09 00:00:00+00:00,uav,207.0,184.0,23.0,2
2026-07-10 00:00:00+00:00,missile,16.0,2.0,14.0,4
2026-07-10 00:00:00+00:00,uav,145.0,135.0,10.0,2
2026-07-11 00:00:00+00:00,missile,10.0,7.0,3.0,2
2026-07-11 00:00:00+00:00,uav,189.0,169.0,20.0,2
2026-07-12 00:00:00+00:00,missile,3.0,3.0,0.0,1
2026-07-12 00:00:00+00:00,uav,244.0,233.0,11.0,2
2026-07-13 00:00:00+00:00,missile,10.0,7.0,3.0,2
2026-07-13 00:00:00+00:00,uav,239.0,212.0,27.0,2
2026-07-14 00:00:00+00:00,missile,4.0,0.0,4.0,2
2026-07-14 00:00:00+00:00,uav,212.0,191.0,21.0,2
2026-07-15 00:00:00+00:00,missile,18.0,3.0,15.0,4
2026-07-15 00:00:00+00:00,uav,261.0,244.0,17.0,2
2026-07-16 00:00:00+00:00,missile,8.0,5.0,3.0,2
2026-07-16 00:00:00+00:00,uav,177.0,162.0,15.0,2
2026-07-17 00:00:00+00:00,missile,7.0,1.0,6.0,3
2026-07-17 00:00:00+00:00,uav,161.0,140.0,21.0,2
2026-07-18 00:00:00+00:00,missile,43.0,18.0,25.0,4
2026-07-18 00:00:00+00:00,uav,189.0,172.0,17.0,2
2026-07-19 00:00:00+00:00,missile,11.0,1.0,10.0,4
2026-07-19 00:00:00+00:00,uav,166.0,153.0,13.0,2
2026-07-20 00:00:00+00:00,missile,2.0,0.0,2.0,1
2026-07-20 00:00:00+00:00,uav,133.0,121.0,12.0,2
2026-07-21 00:00:00+00:00,missile,8.0,3.0,5.0,3
2026-07-21 00:00:00+00:00,uav,291.0,279.0,12.0,2
2026-07-22 00:00:00+00:00,missile,8.0,2.0,6.0,3
2026-07-22 00:00:00+00:00,uav,218.0,204.0,14.0,2
2026-07-23 00:00:00+00:00,missile,8.0,4.0,4.0,2
2026-07-23 00:00:00+00:00,uav,236.0,216.0,20.0,2
2026-07-24 00:00:00+00:00,missile,7.0,1.0,6.0,3
2026-07-24 00:00:00+00:00,uav,320.0,281.0,39.0,3
2026-07-25 00:00:00+00:00,missile,10.0,6.0,4.0,3
2026-07-25 00:00:00+00:00,uav,188.0,156.0,32.0,2
2026-07-26 00:00:00+00:00,missile,1.0,0.0,1.0,1
2026-07-26 00:00:00+00:00,uav,204.0,180.0,24.0,2
2026-07-27 00:00:00+00:00,missile,4.0,0.0,4.0,2
2026-07-27 00:00:00+00:00,uav,195.0,171.0,24.0,2
2026-07-28 00:00:00+00:00,uav,130.0,115.0,15.0,2
2026-07-29 00:00:00+00:00,missile,2.0,0.0,2.0,1
2026-07-29 00:00:00+00:00,uav,351.0,332.0,19.0,2
2026-07-30 00:00:00+00:00,missile,78.0,55.0,23.0,5
2026-07-30 00:00:00+00:00,uav,340.0,280.0,60.0,2
2026-07-31 00:00:00+00:00,missile,38.0,3.0,35.0,5
2026-07-31 00:00:00+00:00,uav,257.0,226.0,31.0,2
2026-08-01 00:00:00+00:00,missile,1.0,1.0,0.0,1
2026-08-01 00:00:00+00:00,uav,193.0,169.0,24.0,2
2026-08-02 00:00:00+00:00,uav,238.0,220.0,18.0,2
2026-08-03 00:00:00+00:00,missile,3.0,0.0,3.0,2
2026-08-03 00:00:00+00:00,uav,197.0,178.0,19.0,2
2026-08-04 00:00:00+00:00,missile,31.0,0.0,31.0,4
2026-08-04 00:00:00+00:00,uav,202.0,185.0,17.0,2
2026-08-05 00:00:00+00:00,missile,5.0,2.0,3.0,3
2026-08-05 00:00:00+00:00,uav,151.0,116.0,35.0,2
2026-08-06 00:00:00+00:00,uav,213.0,180.0,33.0,2
2026-08-07 00:00:00+00:00,missile,8.0,0.0,8.0,2
2026-08-07 00:00:00+00:00,uav,230.0,214.0,16.0,2
2026-08-08 00:00:00+00:00,missile,17.0,5.0,12.0,2
2026-08-08 00:00:00+00:00,uav,202.0,174.0,28.0,1
2026-08-09 00:00:00+00:00,missile,14.0,13.0,1.0,2
2026-08-09 00:00:00+00:00,uav,220.0,186.0,34.0,2
2026-08-10 00:00:00+00:00,missile,0.0,0.0,0.0,1
2026-08-10 00:00:00+00:00,uav,203.0,181.0,22.0,2
2026-08-11 00:00:00+00:00,missile,4.0,1.0,3.0,4
2026-08-11 00:00:00+00:00,uav,256.0,230.0,26.0,2
2026-08-12 00:00:00+00:00,missile,7.0,5.0,2.0,3
2026-08-12 00:00:00+00:00,uav,187.0,165.0,22.0,2
2026-08-14 00:00:00+00:00,missile,1.0,1.0,0.0,1
2026-08-14 00:00:00+00:00,uav,244.0,216.0,28.0,2
2026-08-15 00:00:00+00:00,missile,3.0,3.0,0.0,2
2026-08-15 00:00:00+00:00,uav,174.0,153.0,21.0,2
2026-08-16 00:00:00+00:00,uav,189.0,167.0,22.0,2
2026-08-17 00:00:00+00:00,missile,10.0,7.0,3.0,2
2026-08-17 00:00:00+00:00,uav,238.0,202.0,36.0,2
2026-08-18 00:00:00+00:00,missile,6.0,0.0,6.0,3
2026-08-18 00:00:00+00:00,uav,224.0,209.0,15.0,3
2026-08-19 00:00:00+00:00,missile,0.0,0.0,0.0,1
2026-08-19 00:00:00+00:00,uav,253.0,230.0,23.0,2
2026-08-20 00:00:00+00:00,missile,44.0,39.0,5.0,2
2026-08-20 00:00:00+00:00,uav,192.0,164.0,28.0,2
2026-08-21 00:00:00+00:00,missile,3.0,3.0,0.0,2
2026-08-21 00:00:00+00:00,uav,319.0,284.0,35.0,2
2026-08-22 00:00:00+00:00,uav,205.0,175.0,30.0,2
2026-08-23 00:00:00+00:00,missile,8.0,3.0,5.0,2
2026-08-23 00:00:00+00:00,uav,226.0,192.0,34.0,2
2026-08-24 00:00:00+00:00,missile,2.0,0.0,2.0,2
2026-08-24 00:00:00+00:00,uav,187.0,161.0,26.0,2
2026-08-25 00:00:00+00:00,uav,225.0,197.0,28.0,2
2026-08-26 00:00:00+00:00,missile,9.0,8.0,1.0,2
2026-08-26 00:00:00+00:00,uav,294.0,258.0,36.0,2
2026-08-27 00:00:00+00:00,uav,338.0,291.0,47.0,3
2026-08-28 00:00:00+00:00,missile,9.0,6.0,3.0,3
2026-08-28 00:00:00+00:00,uav,379.0,322.0,57.0,3
2026-08-29 00:00:00+00:00,missile,2.0,0.0,2.0,1
2026-08-29 00:00:00+00:00,uav,399.0,369.0,30.0,3
2026-08-30 00:00:00+00:00,missile,1.0,0.0,1.0,1
2026-08-30 00:00:00+00:00,uav,182.0,157.0,25.0,2
2026-08-31 00:00:00+00:00,missile,11.0,10.0,1.0,3
2026-08-31 00:00:00+00:00,uav,265.0,234.0,31.0,2
2026-09-01 00:00:00+00:00,missile,4.0,0.0,4.0,2
2026-09-01 00:00:00+00:00,uav,312.0,259.0,53.0,3
2026-09-02 00:00:00+00:00,uav,218.0,190.0,28.0,2
2026-09-03 00:00:00+00:00,missile,1.0,0.0,1.0,1
2026-09-03 00:00:00+00:00,uav,162.0,144.0,18.0,2
2026-09-04 00:00:00+00:00,missile,0.0,0.0,0.0,1
2026-09-04 00:00:00+00:00,uav,204.0,165.0,39.0,2
2026-09-05 00:00:00+00:00,uav,156.0,130.0,26.0,2
2026-09-06 00:00:00+00:00,uav,141.0,120.0,21.0,2
2026-09-07 00:00:00+00:00,missile,2.0,2.0,0.0,1
2026-09-07 00:00:00+00:00,uav,227.0,203.0,24.0,2
2026-09-08 00:00:00+00:00,missile,34.0,31.0,3.0,2
2026-09-08 00:00:00+00:00,uav,287.0,256.0,31.0,2
2026-09-09 00:00:00+00:00,uav,209.0,188.0,21.0,2
2026-09-10 00:00:00+00:00,uav,216.0,193.0,23.0,2
2026-09-11 00:00:00+00:00,missile,16.0,8.0,8.0,4
2026-09-11 00:00:00+00:00,uav,195.0,176.0,19.0,2
2026-09-12 00:00:00+00:00,uav,903.0,781.0,122.0,3
2026-09-13 00:00:00+00:00,uav,462.0,426.0,36.0,3
2026-09-14 00:00:00+00:00,uav,224.0,211.0,13.0,2
2026-09-15 00:00:00+00:00,uav,112.0,95.0,17.0,2
2026-09-16 00:00:00+00:00,missile,4.0,0.0,4.0,3
2026-09-16 00:00:00+00:00,uav,226.0,193.0,33.0,2
2026-09-17 00:00:00+00:00,uav,171.0,147.0,24.0,2
2026-09-18 00:00:00+00:00,missile,2.0,0.0,2.0,1
2026-09-18 00:00:00+00:00,uav,241.0,208.0,33.0,2
