day,attack_records,launched_reported,intercepted_reported,uav_events,missile_events,guided_bomb_events
2022-09-28 00:00:00+00:00,2,8.0,7.0,1,1,0
2022-09-29 00:00:00+00:00,1,7.0,5.0,1,0,0
2022-09-30 00:00:00+00:00,1,3.0,3.0,0,1,0
2022-10-01 00:00:00+00:00,1,1.0,1.0,0,1,0
2022-10-02 00:00:00+00:00,1,7.0,5.0,1,0,0
2022-10-05 00:00:00+00:00,3,8.0,8.0,2,1,0
2022-10-06 00:00:00+00:00,6,17.0,17.0,3,3,0
2022-10-07 00:00:00+00:00,1,3.0,3.0,1,0,0
2022-10-08 00:00:00+00:00,2,3.0,3.0,2,0,0
2022-10-09 00:00:00+00:00,3,22.0,1.0,0,3,0
2022-10-10 00:00:00+00:00,3,108.0,56.0,2,1,0
2022-10-11 00:00:00+00:00,4,62.0,54.0,3,1,0
2022-10-12 00:00:00+00:00,2,19.0,19.0,1,1,0
2022-10-13 00:00:00+00:00,2,11.0,11.0,1,1,0
2022-10-14 00:00:00+00:00,1,8.0,8.0,1,0,0
2022-10-15 00:00:00+00:00,1,6.0,6.0,1,0,0
2022-10-16 00:00:00+00:00,1,11.0,11.0,1,0,0
2022-10-17 00:00:00+00:00,5,39.0,39.0,3,2,0
2022-10-18 00:00:00+00:00,3,11.0,11.0,1,2,0
2022-10-19 00:00:00+00:00,3,29.0,27.0,2,1,0
2022-10-20 00:00:00+00:00,1,14.0,14.0,1,0,0
2022-10-22 00:00:00+00:00,3,43.0,28.0,1,2,0
2022-10-23 00:00:00+00:00,1,16.0,16.0,1,0,0
2022-10-25 00:00:00+00:00,2,3.0,3.0,2,0,0
2022-10-26 00:00:00+00:00,2,21.0,20.0,1,1,0
2022-10-31 00:00:00+00:00,1,50.0,44.0,0,1,0
2022-11-01 00:00:00+00:00,4,20.0,19.0,4,0,0
2022-11-03 00:00:00+00:00,1,9.0,9.0,1,0,0
2022-11-04 00:00:00+00:00,3,16.0,16.0,2,1,0
2022-11-09 00:00:00+00:00,2,6.0,6.0,1,1,0
2022-11-14 00:00:00+00:00,1,2.0,2.0,1,0,0
2022-11-15 00:00:00+00:00,5,110.0,89.0,1,4,0
2022-11-17 00:00:00+00:00,3,25.0,11.0,1,2,0
2022-11-23 00:00:00+00:00,2,75.0,56.0,0,2,0
2022-12-05 00:00:00+00:00,5,70.0,60.0,0,5,0
2022-12-07 00:00:00+00:00,3,14.0,14.0,2,1,0
2022-12-10 00:00:00+00:00,1,15.0,10.0,1,0,0
2022-12-14 00:00:00+00:00,1,13.0,13.0,1,0,0
2022-12-16 00:00:00+00:00,4,103.0,60.0,0,4,0
2022-12-19 00:00:00+00:00,1,35.0,30.0,1,0,0
2022-12-20 00:00:00+00:00,2,2.0,2.0,1,1,0
2022-12-22 00:00:00+00:00,1,1.0,1.0,0,1,0
2022-12-29 00:00:00+00:00,5,74.0,62.0,0,5,0
2022-12-30 00:00:00+00:00,1,16.0,16.0,1,0,0
2022-12-31 00:00:00+00:00,2,21.0,13.0,0,2,0
2023-01-01 00:00:00+00:00,1,45.0,45.0,1,0,0
2023-01-02 00:00:00+00:00,3,41.0,41.0,1,2,0
2023-01-11 00:00:00+00:00,3,3.0,3.0,1,2,0
2023-01-12 00:00:00+00:00,1,1.0,1.0,0,1,0
2023-01-14 00:00:00+00:00,5,38.0,25.0,0,5,0
2023-01-20 00:00:00+00:00,2,2.0,2.0,0,2,0
2023-01-23 00:00:00+00:00,2,3.0,3.0,0,2,0
2023-01-25 00:00:00+00:00,1,1.0,1.0,0,1,0
2023-01-26 00:00:00+00:00,5,79.0,71.0,1,4,0
2023-02-09 00:00:00+00:00,5,114.0,67.0,1,4,0
2023-02-10 00:00:00+00:00,1,20.0,20.0,1,0,0
2023-02-11 00:00:00+00:00,2,5.0,5.0,1,1,0
2023-02-15 00:00:00+00:00,1,1.0,1.0,1,0,0
2023-02-16 00:00:00+00:00,6,35.0,16.0,0,6,0
2023-02-18 00:00:00+00:00,1,4.0,2.0,0,1,0
2023-02-27 00:00:00+00:00,1,14.0,11.0,1,0,0
2023-03-01 00:00:00+00:00,1,4.0,4.0,1,0,0
2023-03-06 00:00:00+00:00,1,15.0,13.0,1,0,0
2023-03-08 00:00:00+00:00,1,2.0,2.0,1,0,0
2023-03-09 00:00:00+00:00,8,89.0,38.0,1,7,0
2023-03-14 00:00:00+00:00,1,4.0,0.0,0,1,0
2023-03-17 00:00:00+00:00,1,16.0,11.0,1,0,0
2023-03-21 00:00:00+00:00,2,23.0,18.0,1,1,0
2023-03-23 00:00:00+00:00,1,2.0,2.0,0,1,0
2023-03-27 00:00:00+00:00,3,16.0,13.0,1,2,0
2023-03-30 00:00:00+00:00,1,10.0,9.0,1,0,0
2023-04-04 00:00:00+00:00,1,17.0,14.0,1,0,0
2023-04-08 00:00:00+00:00,1,1.0,1.0,0,1,0
2023-04-10 00:00:00+00:00,2,2.0,2.0,0,2,0
2023-04-18 00:00:00+00:00,2,9.0,7.0,1,1,0
2023-04-19 00:00:00+00:00,2,23.0,20.0,2,0,0
2023-04-21 00:00:00+00:00,2,17.0,12.0,2,0,0
2023-04-22 00:00:00+00:00,1,4.0,4.0,0,1,0
2023-04-23 00:00:00+00:00,1,1.0,1.0,0,1,0
2023-04-24 00:00:00+00:00,3,9.0,9.0,2,1,0
2023-04-26 00:00:00+00:00,2,6.0,6.0,0,2,0
2023-04-28 00:00:00+00:00,2,25.0,23.0,1,1,0
2023-04-29 00:00:00+00:00,2,3.0,3.0,2,0,0
2023-05-01 00:00:00+00:00,1,18.0,15.0,0,1,0
2023-05-02 00:00:00+00:00,1,26.0,21.0,1,0,0
2023-05-03 00:00:00+00:00,3,4.0,4.0,1,2,0
2023-05-04 00:00:00+00:00,3,26.0,20.0,2,1,0
2023-05-05 00:00:00+00:00,1,2.0,2.0,1,0,0
2023-05-06 00:00:00+00:00,3,13.0,13.0,2,1,0
2023-05-08 00:00:00+00:00,5,54.0,46.0,1,4,0
2023-05-09 00:00:00+00:00,2,20.0,18.0,1,1,0
2023-05-12 00:00:00+00:00,1,4.0,4.0,0,1,0
2023-05-13 00:00:00+00:00,2,22.0,18.0,1,1,0
2023-05-14 00:00:00+00:00,9,36.0,36.0,3,6,0
2023-05-15 00:00:00+00:00,3,4.0,4.0,0,3,0
2023-05-16 00:00:00+00:00,8,36.0,36.0,2,6,0
2023-05-17 00:00:00+00:00,5,34.0,33.0,2,3,0
2023-05-19 00:00:00+00:00,4,31.0,22.0,2,2,0
2023-05-20 00:00:00+00:00,5,27.0,27.0,3,2,0
2023-05-21 00:00:00+00:00,3,3.0,3.0,0,3,0
2023-05-22 00:00:00+00:00,6,38.0,26.0,1,5,0
2023-05-23 00:00:00+00:00,1,6.0,6.0,1,0,0
2023-05-25 00:00:00+00:00,6,86.0,71.0,2,4,0
2023-05-28 00:00:00+00:00,1,54.0,52.0,1,0,0
2023-05-29 00:00:00+00:00,5,118.0,107.0,3,2,0
2023-05-31 00:00:00+00:00,3,5.0,5.0,0,3,0
2023-06-01 00:00:00+00:00,3,31.0,31.0,1,2,0
2023-06-02 00:00:00+00:00,1,15.0,15.0,0,1,0
2023-06-04 00:00:00+00:00,2,11.0,7.0,1,1,0
2023-06-06 00:00:00+00:00,1,35.0,35.0,0,1,0
2023-06-07 00:00:00+00:00,2,2.0,2.0,0,2,0
2023-06-08 00:00:00+00:00,4,28.0,18.0,1,3,0
2023-06-09 00:00:00+00:00,3,55.0,34.0,1,2,0
2023-06-11 00:00:00+00:00,1,6.0,6.0,1,0,0
2023-06-13 00:00:00+00:00,2,18.0,11.0,1,1,0
2023-06-14 00:00:00+00:00,3,20.0,12.0,1,2,0
2023-06-15 00:00:00+00:00,7,30.0,27.0,2,5,0
2023-06-16 00:00:00+00:00,4,16.0,16.0,2,2,0
2023-06-17 00:00:00+00:00,3,12.0,12.0,1,2,0
2023-06-19 00:00:00+00:00,2,8.0,8.0,1,1,0
2023-06-20 00:00:00+00:00,3,45.0,42.0,3,0,0
2023-06-22 00:00:00+00:00,3,10.0,3.0,1,2,0
2023-06-23 00:00:00+00:00,2,14.0,14.0,1,1,0
2023-06-24 00:00:00+00:00,4,53.0,43.0,1,3,0
2023-06-26 00:00:00+00:00,3,15.0,13.0,2,1,0
2023-06-28 00:00:00+00:00,1,6.0,6.0,1,0,0
2023-06-30 00:00:00+00:00,2,17.0,10.0,1,1,0
2023-07-02 00:00:00+00:00,2,11.0,11.0,1,1,0
2023-07-03 00:00:00+00:00,1,17.0,13.0,1,0,0
2023-07-05 00:00:00+00:00,4,8.0,8.0,0,4,0
2023-07-06 00:00:00+00:00,1,10.0,7.0,0,1,0
2023-07-07 00:00:00+00:00,1,18.0,12.0,1,0,0
2023-07-08 00:00:00+00:00,1,5.0,5.0,1,0,0
2023-07-10 00:00:00+00:00,2,7.0,7.0,1,1,0
2023-07-11 00:00:00+00:00,2,29.0,27.0,1,1,0
2023-07-12 00:00:00+00:00,1,15.0,11.0,1,0,0
2023-07-13 00:00:00+00:00,6,47.0,45.0,4,2,0
2023-07-14 00:00:00+00:00,2,6.0,6.0,0,2,0
2023-07-15 00:00:00+00:00,1,6.0,4.0,1,0,0
2023-07-17 00:00:00+00:00,3,13.0,13.0,2,1,0
2023-07-18 00:00:00+00:00,3,43.0,38.0,2,1,0
2023-07-19 00:00:00+00:00,5,63.0,37.0,1,4,0
2023-07-20 00:00:00+00:00,5,38.0,18.0,1,4,0
2023-07-21 00:00:00+00:00,1,9.0,9.0,1,0,0
2023-07-22 00:00:00+00:00,1,5.0,5.0,1,0,0
2023-07-23 00:00:00+00:00,5,19.0,11.0,0,5,0
2023-07-24 00:00:00+00:00,1,3.0,3.0,1,0,0
2023-07-26 00:00:00+00:00,3,43.0,36.0,0,3,0
2023-07-27 00:00:00+00:00,2,10.0,8.0,1,1,0
2023-07-29 00:00:00+00:00,1,4.0,4.0,1,0,0
2023-07-30 00:00:00+00:00,1,4.0,4.0,1,0,0
2023-08-02 00:00:00+00:00,2,30.0,30.0,2,0,0
2023-08-03 00:00:00+00:00,1,15.0,15.0,1,0,0
2023-08-05 00:00:00+00:00,5,70.0,58.0,1,4,0
2023-08-10 00:00:00+00:00,1,10.0,7.0,1,0,0
2023-08-11 00:00:00+00:00,1,4.0,1.0,0,1,0
2023-08-12 00:00:00+00:00,1,5.0,3.0,1,0,0
2023-08-14 00:00:00+00:00,3,26.0,24.0,1,2,0
2023-08-15 00:00:00+00:00,5,49.0,29.0,1,4,0
2023-08-16 00:00:00+00:00,1,3.0,3.0,1,0,0
2023-08-18 00:00:00+00:00,2,7.0,7.0,1,1,0
2023-08-19 00:00:00+00:00,1,17.0,15.0,1,0,0
2023-08-23 00:00:00+00:00,1,20.0,11.0,1,0,0
2023-08-24 00:00:00+00:00,1,1.0,1.0,0,1,0
2023-08-25 00:00:00+00:00,3,5.0,5.0,1,2,0
2023-08-26 00:00:00+00:00,1,2.0,2.0,1,0,0
2023-08-27 00:00:00+00:00,2,10.0,6.0,1,1,0
2023-08-28 00:00:00+00:00,2,6.0,4.0,0,2,0
2023-08-30 00:00:00+00:00,2,44.0,43.0,1,1,0
2023-09-01 00:00:00+00:00,1,2.0,1.0,0,1,0
2023-09-03 00:00:00+00:00,1,25.0,22.0,1,0,0
2023-09-04 00:00:00+00:00,1,32.0,23.0,1,0,0
2023-09-06 00:00:00+00:00,3,33.0,23.0,1,2,0
2023-09-07 00:00:00+00:00,1,33.0,25.0,1,0,0
2023-09-08 00:00:00+00:00,1,20.0,16.0,1,0,0
2023-09-10 00:00:00+00:00,1,33.0,26.0,1,0,0
2023-09-11 00:00:00+00:00,2,13.0,13.0,2,0,0
2023-09-13 00:00:00+00:00,2,66.0,49.0,2,0,0
2023-09-15 00:00:00+00:00,1,17.0,17.0,1,0,0
2023-09-17 00:00:00+00:00,2,16.0,12.0,1,1,0
2023-09-18 00:00:00+00:00,2,41.0,35.0,1,1,0
2023-09-19 00:00:00+00:00,3,32.0,28.0,2,1,0
2023-09-20 00:00:00+00:00,1,24.0,17.0,1,0,0
2023-09-21 00:00:00+00:00,2,49.0,36.0,0,2,0
2023-09-23 00:00:00+00:00,2,17.0,16.0,1,1,0
2023-09-24 00:00:00+00:00,2,7.0,7.0,1,1,0
2023-09-25 00:00:00+00:00,3,33.0,30.0,1,2,0
2023-09-26 00:00:00+00:00,1,38.0,26.0,1,0,0
2023-09-27 00:00:00+00:00,1,6.0,6.0,0,1,0
2023-09-28 00:00:00+00:00,1,44.0,34.0,1,0,0
2023-09-30 00:00:00+00:00,1,40.0,30.0,1,0,0
2023-10-01 00:00:00+00:00,2,33.0,19.0,1,1,0
2023-10-02 00:00:00+00:00,1,7.0,4.0,1,0,0
2023-10-03 00:00:00+00:00,2,32.0,30.0,1,1,0
2023-10-05 00:00:00+00:00,1,29.0,24.0,1,0,0
2023-10-06 00:00:00+00:00,1,33.0,25.0,1,0,0
2023-10-10 00:00:00+00:00,1,36.0,27.0,1,0,0
2023-10-11 00:00:00+00:00,1,1.0,1.0,0,1,0
2023-10-12 00:00:00+00:00,1,33.0,28.0,1,0,0
2023-10-15 00:00:00+00:00,1,1.0,1.0,1,0,0
2023-10-16 00:00:00+00:00,3,18.0,13.0,1,2,0
2023-10-17 00:00:00+00:00,3,9.0,7.0,1,2,0
2023-10-18 00:00:00+00:00,6,18.0,5.0,1,5,0
2023-10-21 00:00:00+00:00,1,3.0,3.0,0,1,0
2023-10-22 00:00:00+00:00,4,14.0,4.0,2,2,0
2023-10-23 00:00:00+00:00,3,15.0,15.0,2,1,0
2023-10-24 00:00:00+00:00,2,7.0,7.0,1,1,0
2023-10-25 00:00:00+00:00,1,11.0,11.0,1,0,0
2023-10-27 00:00:00+00:00,4,12.0,10.0,1,3,0
2023-10-28 00:00:00+00:00,1,4.0,3.0,0,1,0
2023-10-29 00:00:00+00:00,6,24.0,23.0,2,4,0
2023-10-30 00:00:00+00:00,1,2.0,2.0,0,1,0
2023-10-31 00:00:00+00:00,3,5.0,5.0,1,2,0
2023-11-01 00:00:00+00:00,4,24.0,22.0,1,3,0
2023-11-02 00:00:00+00:00,2,2.0,2.0,0,2,0
2023-11-03 00:00:00+00:00,3,42.0,26.0,1,2,0
2023-11-04 00:00:00+00:00,2,5.0,5.0,1,1,0
2023-11-05 00:00:00+00:00,6,27.0,17.0,1,5,0
2023-11-06 00:00:00+00:00,2,2.0,1.0,1,1,0
2023-11-09 00:00:00+00:00,1,1.0,1.0,0,1,0
2023-11-10 00:00:00+00:00,8,43.0,26.0,2,6,0
2023-11-11 00:00:00+00:00,1,1.0,1.0,0,1,0
2023-11-12 00:00:00+00:00,2,3.0,1.0,0,2,0
2023-11-13 00:00:00+00:00,2,5.0,5.0,0,2,0
2023-11-14 00:00:00+00:00,3,11.0,7.0,1,2,0
2023-11-15 00:00:00+00:00,1,1.0,1.0,0,1,0
2023-11-16 00:00:00+00:00,1,18.0,16.0,1,0,0
2023-11-17 00:00:00+00:00,2,48.0,38.0,2,0,0
2023-11-19 00:00:00+00:00,1,20.0,15.0,1,0,0
2023-11-21 00:00:00+00:00,6,31.0,25.0,2,4,0
2023-11-22 00:00:00+00:00,1,2.0,2.0,1,0,0
2023-11-24 00:00:00+00:00,2,4.0,4.0,1,1,0
2023-11-25 00:00:00+00:00,2,76.0,75.0,1,1,0
2023-11-26 00:00:00+00:00,1,9.0,8.0,1,0,0
2023-11-28 00:00:00+00:00,5,5.0,4.0,2,3,0
2023-11-29 00:00:00+00:00,2,24.0,23.0,1,1,0
2023-11-30 00:00:00+00:00,2,28.0,14.0,1,1,0
2023-12-01 00:00:00+00:00,3,28.0,20.0,1,2,0
2023-12-02 00:00:00+00:00,2,12.0,10.0,1,1,0
2023-12-03 00:00:00+00:00,3,14.0,11.0,1,2,0
2023-12-04 00:00:00+00:00,2,24.0,19.0,1,1,0
2023-12-05 00:00:00+00:00,7,30.0,17.0,2,5,0
2023-12-06 00:00:00+00:00,3,50.0,43.0,1,2,0
2023-12-07 00:00:00+00:00,1,18.0,15.0,1,0,0
2023-12-08 00:00:00+00:00,3,32.0,21.0,1,2,0
2023-12-11 00:00:00+00:00,4,28.0,28.0,1,3,0
2023-12-12 00:00:00+00:00,1,15.0,9.0,1,0,0
2023-12-13 00:00:00+00:00,3,62.0,61.0,2,1,0
2023-12-14 00:00:00+00:00,1,1.0,0.0,0,1,0
2023-12-15 00:00:00+00:00,1,14.0,14.0,1,0,0
2023-12-16 00:00:00+00:00,1,31.0,30.0,1,0,0
2023-12-17 00:00:00+00:00,4,24.0,23.0,2,2,0
2023-12-18 00:00:00+00:00,2,6.0,6.0,1,1,0
2023-12-19 00:00:00+00:00,1,2.0,2.0,1,0,0
2023-12-20 00:00:00+00:00,4,57.0,53.0,2,2,0
2023-12-22 00:00:00+00:00,2,37.0,33.0,2,0,0
2023-12-23 00:00:00+00:00,1,1.0,1.0,0,1,0
2023-12-24 00:00:00+00:00,4,18.0,17.0,1,3,0
2023-12-25 00:00:00+00:00,2,32.0,29.0,1,1,0
2023-12-26 00:00:00+00:00,5,69.0,49.0,2,3,0
2023-12-28 00:00:00+00:00,4,47.0,37.0,2,2,0
2023-12-29 00:00:00+00:00,6,122.0,87.0,0,6,0
2023-12-30 00:00:00+00:00,3,17.0,6.0,1,2,0
2023-12-31 00:00:00+00:00,1,49.0,21.0,1,0,0
2024-01-01 00:00:00+00:00,9,147.0,135.0,3,6,0
2024-01-02 00:00:00+00:00,7,105.0,78.0,0,7,0
2024-01-04 00:00:00+00:00,4,8.0,5.0,1,3,0
2024-01-05 00:00:00+00:00,3,32.0,24.0,1,2,0
2024-01-06 00:00:00+00:00,2,2.0,2.0,1,1,0
2024-01-07 00:00:00+00:00,3,32.0,22.0,1,2,0
2024-01-08 00:00:00+00:00,7,59.0,26.0,1,6,0
2024-01-09 00:00:00+00:00,2,2.0,2.0,0,2,0
2024-01-10 00:00:00+00:00,1,1.0,1.0,0,1,0
2024-01-13 00:00:00+00:00,8,42.0,9.0,1,7,0
2024-01-14 00:00:00+00:00,1,1.0,1.0,0,1,0
2024-01-15 00:00:00+00:00,3,4.0,4.0,0,3,0
2024-01-16 00:00:00+00:00,2,2.0,2.0,0,2,0
2024-01-17 00:00:00+00:00,5,24.0,22.0,2,3,0
2024-01-18 00:00:00+00:00,2,35.0,22.0,1,1,0
2024-01-20 00:00:00+00:00,2,10.0,4.0,1,1,0
2024-01-21 00:00:00+00:00,1,1.0,1.0,0,1,0
2024-01-22 00:00:00+00:00,2,9.0,9.0,1,1,0
2024-01-23 00:00:00+00:00,5,41.0,21.0,0,5,0
2024-01-24 00:00:00+00:00,2,4.0,4.0,0,2,0
2024-01-25 00:00:00+00:00,3,19.0,12.0,1,2,0
2024-01-27 00:00:00+00:00,2,5.0,4.0,1,1,0
2024-01-28 00:00:00+00:00,4,14.0,5.0,1,3,0
2024-01-29 00:00:00+00:00,3,12.0,8.0,1,2,0
2024-01-30 00:00:00+00:00,4,39.0,17.0,1,3,0
2024-01-31 00:00:00+00:00,5,27.0,18.0,1,4,0
2024-02-01 00:00:00+00:00,2,5.0,3.0,1,1,0
2024-02-02 00:00:00+00:00,2,25.0,12.0,1,1,0
2024-02-03 00:00:00+00:00,3,17.0,10.0,1,2,0
2024-02-06 00:00:00+00:00,1,1.0,1.0,0,1,0
2024-02-07 00:00:00+00:00,6,64.0,44.0,1,5,0
2024-02-08 00:00:00+00:00,2,18.0,12.0,1,1,0
2024-02-09 00:00:00+00:00,3,18.0,12.0,1,2,0
2024-02-10 00:00:00+00:00,1,31.0,23.0,1,0,0
2024-02-11 00:00:00+00:00,1,45.0,40.0,1,0,0
2024-02-12 00:00:00+00:00,3,18.0,15.0,1,2,0
2024-02-13 00:00:00+00:00,3,25.0,18.0,1,2,0
2024-02-15 00:00:00+00:00,5,26.0,13.0,0,5,0
2024-02-16 00:00:00+00:00,1,1.0,1.0,0,1,0
2024-02-17 00:00:00+00:00,3,3.0,3.0,0,3,0
2024-02-18 00:00:00+00:00,4,24.0,13.0,1,3,0
2024-02-19 00:00:00+00:00,3,6.0,6.0,1,2,0
2024-02-20 00:00:00+00:00,3,26.0,23.0,1,2,0
2024-02-21 00:00:00+00:00,4,25.0,14.0,1,3,0
2024-02-22 00:00:00+00:00,2,11.0,8.0,1,1,0
2024-02-23 00:00:00+00:00,6,39.0,25.0,1,5,0
2024-02-24 00:00:00+00:00,4,18.0,15.0,1,3,0
2024-02-25 00:00:00+00:00,1,18.0,16.0,1,0,0
2024-02-26 00:00:00+00:00,7,24.0,15.0,1,6,0
2024-02-27 00:00:00+00:00,6,21.0,16.0,1,5,0
2024-02-28 00:00:00+00:00,4,12.0,12.0,1,3,0
2024-02-29 00:00:00+00:00,1,2.0,2.0,0,1,0
2024-03-01 00:00:00+00:00,4,11.0,6.0,2,2,0
2024-03-02 00:00:00+00:00,3,21.0,15.0,1,2,0
2024-03-03 00:00:00+00:00,1,1.0,1.0,0,1,0
2024-03-04 00:00:00+00:00,1,1.0,1.0,0,1,0
2024-03-05 00:00:00+00:00,2,23.0,19.0,1,1,0
2024-03-06 00:00:00+00:00,2,43.0,39.0,1,1,0
2024-03-08 00:00:00+00:00,4,41.0,34.0,1,3,0
2024-03-09 00:00:00+00:00,1,15.0,12.0,1,0,0
2024-03-10 00:00:00+00:00,3,46.0,38.0,1,2,0
2024-03-11 00:00:00+00:00,3,17.0,17.0,2,1,0
2024-03-12 00:00:00+00:00,2,9.0,9.0,1,1,0
2024-03-13 00:00:00+00:00,1,1.0,1.0,0,1,0
2024-03-14 00:00:00+00:00,2,16.0,16.0,2,0,0
2024-03-15 00:00:00+00:00,3,35.0,27.0,1,2,0
2024-03-16 00:00:00+00:00,1,2.0,2.0,1,0,0
2024-03-17 00:00:00+00:00,3,24.0,14.0,1,2,0
2024-03-18 00:00:00+00:00,3,29.0,17.0,1,2,0
2024-03-19 00:00:00+00:00,1,3.0,3.0,0,1,0
2024-03-20 00:00:00+00:00,1,2.0,2.0,0,1,0
2024-03-21 00:00:00+00:00,4,34.0,34.0,0,4,0
2024-03-22 00:00:00+00:00,7,151.0,92.0,1,6,0
2024-03-23 00:00:00+00:00,3,40.0,33.0,1,2,0
2024-03-24 00:00:00+00:00,4,59.0,45.0,2,2,0
2024-03-25 00:00:00+00:00,3,12.0,11.0,2,1,0
2024-03-26 00:00:00+00:00,3,15.0,15.0,1,2,0
2024-03-27 00:00:00+00:00,4,16.0,13.0,1,3,0
2024-03-28 00:00:00+00:00,4,33.0,26.0,1,3,0
2024-03-29 00:00:00+00:00,7,101.0,86.0,1,6,0
2024-03-30 00:00:00+00:00,6,20.0,13.0,1,5,0
2024-03-31 00:00:00+00:00,5,28.0,19.0,1,4,0
2024-04-01 00:00:00+00:00,2,2.0,2.0,0,2,0
2024-04-02 00:00:00+00:00,3,12.0,10.0,1,2,0
2024-04-03 00:00:00+00:00,2,7.0,4.0,1,1,0
2024-04-04 00:00:00+00:00,2,21.0,12.0,1,1,0
2024-04-05 00:00:00+00:00,4,19.0,14.0,1,3,0
2024-04-06 00:00:00+00:00,5,40.0,33.0,1,4,0
2024-04-07 00:00:00+00:00,6,22.0,20.0,2,4,0
2024-04-08 00:00:00+00:00,3,27.0,20.0,1,2,0
2024-04-09 00:00:00+00:00,4,27.0,21.0,1,3,0
2024-04-10 00:00:00+00:00,8,27.0,21.0,2,6,0
2024-04-11 00:00:00+00:00,8,85.0,60.0,1,7,0
2024-04-12 00:00:00+00:00,5,22.0,20.0,2,3,0
2024-04-13 00:00:00+00:00,1,1.0,1.0,0,1,0
2024-04-14 00:00:00+00:00,4,17.0,13.0,1,3,0
2024-04-16 00:00:00+00:00,1,9.0,9.0,1,0,0
2024-04-17 00:00:00+00:00,1,1.0,1.0,0,1,0
2024-04-18 00:00:00+00:00,1,13.0,13.0,1,0,0
2024-04-19 00:00:00+00:00,7,41.0,34.0,1,6,0
2024-04-20 00:00:00+00:00,12,18.0,13.0,0,12,0
2024-04-22 00:00:00+00:00,4,12.0,7.0,1,3,0
2024-04-23 00:00:00+00:00,5,21.0,18.0,2,3,0
2024-04-24 00:00:00+00:00,2,3.0,3.0,0,2,0
2024-04-25 00:00:00+00:00,3,3.0,3.0,0,3,0
2024-04-26 00:00:00+00:00,2,2.0,2.0,0,2,0
2024-04-27 00:00:00+00:00,11,39.0,26.0,0,11,0
2024-04-28 00:00:00+00:00,4,12.0,7.0,3,1,0
2024-04-30 00:00:00+00:00,1,2.0,2.0,0,1,0
2024-05-01 00:00:00+00:00,3,4.0,4.0,1,2,0
2024-05-02 00:00:00+00:00,1,1.0,1.0,0,1,0
2024-05-03 00:00:00+00:00,6,6.0,6.0,1,5,0
2024-05-04 00:00:00+00:00,3,18.0,14.0,1,2,0
2024-05-05 00:00:00+00:00,3,25.0,25.0,1,2,0
2024-05-06 00:00:00+00:00,5,19.0,18.0,3,2,0
2024-05-07 00:00:00+00:00,1,2.0,2.0,0,1,0
2024-05-08 00:00:00+00:00,9,78.0,61.0,1,8,0
2024-05-09 00:00:00+00:00,3,25.0,22.0,1,2,0
2024-05-10 00:00:00+00:00,6,16.0,14.0,1,5,0
2024-05-11 00:00:00+00:00,3,6.0,6.0,0,3,0
2024-05-12 00:00:00+00:00,4,4.0,4.0,1,3,0
2024-05-13 00:00:00+00:00,1,1.0,1.0,0,1,0
2024-05-14 00:00:00+00:00,2,19.0,18.0,1,1,0
2024-05-15 00:00:00+00:00,6,6.0,6.0,0,6,0
2024-05-16 00:00:00+00:00,2,2.0,2.0,1,1,0
2024-05-17 00:00:00+00:00,9,33.0,30.0,3,6,0
2024-05-18 00:00:00+00:00,7,20.0,19.0,2,5,0
2024-05-19 00:00:00+00:00,3,39.0,39.0,1,2,0
2024-05-20 00:00:00+00:00,8,37.0,35.0,1,7,0
2024-05-21 00:00:00+00:00,1,29.0,28.0,1,0,0
2024-05-22 00:00:00+00:00,6,29.0,29.0,1,5,0
2024-05-23 00:00:00+00:00,1,1.0,1.0,0,1,0
2024-05-26 00:00:00+00:00,3,45.0,43.0,1,2,0
2024-05-28 00:00:00+00:00,5,10.0,9.0,1,4,0
2024-05-29 00:00:00+00:00,2,14.0,13.0,1,1,0
2024-05-30 00:00:00+00:00,6,54.0,42.0,2,4,0
2024-05-31 00:00:00+00:00,4,12.0,6.0,1,3,0
2024-06-01 00:00:00+00:00,13,107.0,85.0,3,10,0
2024-06-02 00:00:00+00:00,7,31.0,27.0,1,6,0
2024-06-03 00:00:00+00:00,4,4.0,4.0,0,4,0
2024-06-04 00:00:00+00:00,6,10.0,9.0,2,4,0
2024-06-05 00:00:00+00:00,4,31.0,25.0,1,3,0
2024-06-06 00:00:00+00:00,5,23.0,20.0,1,4,0
2024-06-07 00:00:00+00:00,5,61.0,56.0,2,3,0
2024-06-08 00:00:00+00:00,4,20.0,16.0,1,3,0
2024-06-09 00:00:00+00:00,2,2.0,2.0,0,2,0
2024-06-11 00:00:00+00:00,1,2.0,2.0,0,1,0
2024-06-12 00:00:00+00:00,4,30.0,29.0,1,3,0
2024-06-13 00:00:00+00:00,5,7.0,5.0,0,5,0
2024-06-14 00:00:00+00:00,9,38.0,30.0,2,7,0
2024-06-17 00:00:00+00:00,6,7.0,5.0,1,5,0
2024-06-18 00:00:00+00:00,4,14.0,14.0,1,3,0
2024-06-19 00:00:00+00:00,6,26.0,23.0,1,5,0
2024-06-20 00:00:00+00:00,4,36.0,32.0,1,3,0
2024-06-21 00:00:00+00:00,2,5.0,4.0,0,2,0
2024-06-22 00:00:00+00:00,10,39.0,33.0,1,9,0
2024-06-23 00:00:00+00:00,2,4.0,3.0,0,2,0
2024-06-24 00:00:00+00:00,5,11.0,10.0,2,3,0
2024-06-25 00:00:00+00:00,3,6.0,6.0,0,3,0
2024-06-26 00:00:00+00:00,5,5.0,3.0,0,5,0
2024-06-27 00:00:00+00:00,10,38.0,35.0,2,8,0
2024-06-28 00:00:00+00:00,8,10.0,10.0,1,7,0
2024-06-29 00:00:00+00:00,3,15.0,15.0,1,2,0
2024-06-30 00:00:00+00:00,4,8.0,8.0,0,4,0
2024-07-01 00:00:00+00:00,3,3.0,3.0,0,3,0
2024-07-02 00:00:00+00:00,2,2.0,2.0,0,2,0
2024-07-03 00:00:00+00:00,6,15.0,13.0,1,5,0
2024-07-04 00:00:00+00:00,6,30.0,28.0,1,5,0
2024-07-05 00:00:00+00:00,6,48.0,48.0,1,5,0
2024-07-06 00:00:00+00:00,7,37.0,32.0,1,6,0
2024-07-07 00:00:00+00:00,8,22.0,20.0,2,6,0
2024-07-08 00:00:00+00:00,14,52.0,41.0,1,13,0
2024-07-09 00:00:00+00:00,7,8.0,6.0,1,6,0
2024-07-10 00:00:00+00:00,8,31.0,18.0,1,7,0
2024-07-11 00:00:00+00:00,6,17.0,15.0,1,5,0
2024-07-12 00:00:00+00:00,2,22.0,14.0,1,1,0
2024-07-13 00:00:00+00:00,4,9.0,7.0,1,3,0
2024-07-14 00:00:00+00:00,6,11.0,11.0,0,6,0
2024-07-15 00:00:00+00:00,7,13.0,12.0,0,7,0
2024-07-16 00:00:00+00:00,7,12.0,8.0,2,5,0
2024-07-17 00:00:00+00:00,2,6.0,6.0,0,2,0
2024-07-18 00:00:00+00:00,7,25.0,24.0,2,5,0
2024-07-19 00:00:00+00:00,4,7.0,4.0,0,4,0
2024-07-20 00:00:00+00:00,8,28.0,20.0,2,6,0
2024-07-21 00:00:00+00:00,10,60.0,51.0,2,8,0
2024-07-22 00:00:00+00:00,5,8.0,6.0,0,5,0
2024-07-23 00:00:00+00:00,7,18.0,15.0,1,6,0
2024-07-24 00:00:00+00:00,3,25.0,17.0,1,2,0
2024-07-25 00:00:00+00:00,6,48.0,35.0,1,5,0
2024-07-26 00:00:00+00:00,6,31.0,28.0,2,4,0
2024-07-27 00:00:00+00:00,5,9.0,9.0,1,4,0
2024-07-28 00:00:00+00:00,6,13.0,12.0,1,5,0
2024-07-29 00:00:00+00:00,7,18.0,17.0,1,6,0
2024-07-31 00:00:00+00:00,4,96.0,96.0,1,3,0
2024-08-01 00:00:00+00:00,7,19.0,17.0,2,5,0
2024-08-02 00:00:00+00:00,7,12.0,9.0,1,6,0
2024-08-03 00:00:00+00:00,5,38.0,29.0,1,4,0
2024-08-04 00:00:00+00:00,5,12.0,8.0,1,4,0
2024-08-05 00:00:00+00:00,6,30.0,26.0,1,5,0
2024-08-06 00:00:00+00:00,4,23.0,20.0,1,3,0
2024-08-07 00:00:00+00:00,3,33.0,33.0,1,2,0
2024-08-08 00:00:00+00:00,5,10.0,8.0,1,4,0
2024-08-09 00:00:00+00:00,2,29.0,29.0,1,1,0
2024-08-10 00:00:00+00:00,1,1.0,1.0,0,1,0
2024-08-11 00:00:00+00:00,6,68.0,58.0,1,5,0
2024-08-12 00:00:00+00:00,2,3.0,3.0,0,2,0
2024-08-13 00:00:00+00:00,2,40.0,30.0,1,1,0
2024-08-14 00:00:00+00:00,5,29.0,20.0,1,4,0
2024-08-15 00:00:00+00:00,5,38.0,35.0,1,4,0
2024-08-16 00:00:00+00:00,6,12.0,9.0,2,4,0
2024-08-17 00:00:00+00:00,2,15.0,14.0,1,1,0
2024-08-18 00:00:00+00:00,8,22.0,19.0,1,7,0
2024-08-19 00:00:00+00:00,3,16.0,16.0,1,2,0
2024-08-20 00:00:00+00:00,5,35.0,32.0,2,3,0
2024-08-21 00:00:00+00:00,5,76.0,55.0,1,4,0
2024-08-22 00:00:00+00:00,4,14.0,2.0,1,3,0
2024-08-23 00:00:00+00:00,7,25.0,21.0,1,6,0
2024-08-24 00:00:00+00:00,2,5.0,1.0,0,2,0
2024-08-25 00:00:00+00:00,3,17.0,8.0,1,2,0
2024-08-26 00:00:00+00:00,5,236.0,201.0,1,4,0
2024-08-27 00:00:00+00:00,5,91.0,65.0,1,4,0
2024-08-28 00:00:00+00:00,2,3.0,3.0,0,2,0
2024-08-29 00:00:00+00:00,7,83.0,65.0,1,6,0
2024-08-30 00:00:00+00:00,2,19.0,12.0,1,1,0
2024-08-31 00:00:00+00:00,5,62.0,29.0,1,4,0
2024-09-01 00:00:00+00:00,2,12.0,8.0,1,1,0
2024-09-02 00:00:00+00:00,9,65.0,48.0,1,8,0
2024-09-03 00:00:00+00:00,4,68.0,49.0,2,2,0
2024-09-04 00:00:00+00:00,4,13.0,7.0,0,4,0
2024-09-05 00:00:00+00:00,2,79.0,60.0,1,1,0
2024-09-06 00:00:00+00:00,5,48.0,29.0,1,4,0
2024-09-07 00:00:00+00:00,4,73.0,64.0,1,3,0
2024-09-08 00:00:00+00:00,2,27.0,16.0,1,1,0
2024-09-09 00:00:00+00:00,5,20.0,17.0,1,4,0
2024-09-10 00:00:00+00:00,5,51.0,41.0,1,4,0
2024-09-11 00:00:00+00:00,5,35.0,20.0,1,4,0
2024-09-12 00:00:00+00:00,7,78.0,54.0,1,6,0
2024-09-13 00:00:00+00:00,1,26.0,24.0,1,0,0
2024-09-14 00:00:00+00:00,5,82.0,78.0,2,3,0
2024-09-15 00:00:00+00:00,5,74.0,65.0,2,3,0
2024-09-16 00:00:00+00:00,1,51.0,34.0,1,0,0
2024-09-18 00:00:00+00:00,2,55.0,46.0,1,1,0
2024-09-19 00:00:00+00:00,5,48.0,45.0,1,4,0
2024-09-20 00:00:00+00:00,6,83.0,70.0,1,5,0
2024-09-21 00:00:00+00:00,3,25.0,16.0,1,2,0
2024-09-22 00:00:00+00:00,2,82.0,71.0,1,1,0
2024-09-23 00:00:00+00:00,6,90.0,69.0,2,4,0
2024-09-24 00:00:00+00:00,3,16.0,16.0,0,3,0
2024-09-25 00:00:00+00:00,7,44.0,36.0,1,6,0
2024-09-26 00:00:00+00:00,4,87.0,70.0,1,3,0
2024-09-27 00:00:00+00:00,8,117.0,96.0,2,6,0
2024-09-28 00:00:00+00:00,1,3.0,1.0,1,0,0
2024-09-29 00:00:00+00:00,5,98.0,83.0,2,3,0
2024-09-30 00:00:00+00:00,1,2.0,0.0,0,1,0
2024-10-01 00:00:00+00:00,5,36.0,32.0,1,4,0
2024-10-02 00:00:00+00:00,2,137.0,89.0,2,0,0
2024-10-03 00:00:00+00:00,4,4.0,3.0,0,4,0
2024-10-04 00:00:00+00:00,1,19.0,9.0,1,0,0
2024-10-05 00:00:00+00:00,7,110.0,64.0,2,5,0
2024-10-06 00:00:00+00:00,4,77.0,32.0,1,3,0
2024-10-07 00:00:00+00:00,4,25.0,21.0,1,3,0
2024-10-08 00:00:00+00:00,2,4.0,4.0,0,2,0
2024-10-09 00:00:00+00:00,9,98.0,65.0,2,7,0
2024-10-10 00:00:00+00:00,3,8.0,8.0,0,3,0
2024-10-11 00:00:00+00:00,3,68.0,29.0,1,2,0
2024-10-12 00:00:00+00:00,1,28.0,24.0,1,0,0
2024-10-13 00:00:00+00:00,4,72.0,31.0,1,3,0
2024-10-14 00:00:00+00:00,1,1.0,0.0,0,1,0
2024-10-15 00:00:00+00:00,10,184.0,81.0,2,8,0
2024-10-16 00:00:00+00:00,2,57.0,22.0,1,1,0
2024-10-17 00:00:00+00:00,1,135.0,80.0,1,0,0
2024-10-18 00:00:00+00:00,2,104.0,46.0,1,1,0
2024-10-19 00:00:00+00:00,2,51.0,31.0,1,1,0
2024-10-20 00:00:00+00:00,4,119.0,59.0,1,3,0
2024-10-21 00:00:00+00:00,1,60.0,42.0,1,0,0
2024-10-22 00:00:00+00:00,3,83.0,58.0,1,2,0
2024-10-23 00:00:00+00:00,6,57.0,43.0,1,5,0
2024-10-24 00:00:00+00:00,1,63.0,36.0,1,0,0
2024-10-25 00:00:00+00:00,4,98.0,44.0,1,3,0
2024-10-26 00:00:00+00:00,3,82.0,43.0,1,2,0
2024-10-27 00:00:00+00:00,3,102.0,68.0,1,2,0
2024-10-28 00:00:00+00:00,5,57.0,32.0,1,4,0
2024-10-29 00:00:00+00:00,2,63.0,33.0,1,1,0
2024-10-30 00:00:00+00:00,7,67.0,31.0,2,5,0
2024-10-31 00:00:00+00:00,2,51.0,32.0,1,1,0
2024-11-01 00:00:00+00:00,5,76.0,41.0,1,4,0
2024-11-02 00:00:00+00:00,3,98.0,68.0,2,1,0
2024-11-03 00:00:00+00:00,2,81.0,50.0,1,1,0
2024-11-04 00:00:00+00:00,2,81.0,50.0,1,1,0
2024-11-05 00:00:00+00:00,3,66.0,38.0,1,2,0
2024-11-06 00:00:00+00:00,4,111.0,79.0,1,3,0
2024-11-07 00:00:00+00:00,7,112.0,81.0,1,6,0
2024-11-08 00:00:00+00:00,4,54.0,34.0,1,3,0
2024-11-09 00:00:00+00:00,1,145.0,62.0,1,0,0
2024-11-10 00:00:00+00:00,2,76.0,41.0,1,1,0
2024-11-11 00:00:00+00:00,3,113.0,46.0,1,2,0
2024-11-12 00:00:00+00:00,1,90.0,37.0,1,0,0
2024-11-13 00:00:00+00:00,4,65.0,25.0,1,3,0
2024-11-14 00:00:00+00:00,2,31.0,26.0,1,1,0
2024-11-15 00:00:00+00:00,3,87.0,56.0,1,2,0
2024-11-16 00:00:00+00:00,1,90.0,42.0,1,0,0
2024-11-17 00:00:00+00:00,9,134.0,110.0,1,8,0
2024-11-18 00:00:00+00:00,7,97.0,61.0,1,6,0
2024-11-19 00:00:00+00:00,5,131.0,61.0,1,4,0
2024-11-21 00:00:00+00:00,3,9.0,6.0,0,3,0
2024-11-22 00:00:00+00:00,1,114.0,64.0,1,0,0
2024-11-24 00:00:00+00:00,2,218.0,121.0,2,0,0
2024-11-25 00:00:00+00:00,7,199.0,82.0,1,6,0
2024-11-26 00:00:00+00:00,3,91.0,37.0,1,2,0
2024-11-27 00:00:00+00:00,1,97.0,35.0,1,0,0
2024-11-28 00:00:00+00:00,4,223.0,167.0,1,3,0
2024-11-29 00:00:00+00:00,5,19.0,15.0,1,4,0
2024-11-30 00:00:00+00:00,1,78.0,32.0,1,0,0
2024-12-01 00:00:00+00:00,1,110.0,52.0,1,0,0
2024-12-02 00:00:00+00:00,2,31.0,25.0,1,1,0
2024-12-03 00:00:00+00:00,2,51.0,29.0,1,1,0
2024-12-04 00:00:00+00:00,2,46.0,30.0,1,1,0
2024-12-05 00:00:00+00:00,2,55.0,34.0,1,1,0
2024-12-06 00:00:00+00:00,3,18.0,7.0,1,2,0
2024-12-07 00:00:00+00:00,1,74.0,28.0,1,0,0
2024-12-08 00:00:00+00:00,2,39.0,20.0,1,1,0
2024-12-10 00:00:00+00:00,2,2.0,2.0,0,2,0
2024-12-11 00:00:00+00:00,1,2.0,2.0,0,1,0
2024-12-12 00:00:00+00:00,1,193.0,80.0,1,0,0
2024-12-13 00:00:00+00:00,6,227.0,141.0,1,5,0
2024-12-14 00:00:00+00:00,6,118.0,65.0,1,5,0
2024-12-16 00:00:00+00:00,2,80.0,47.0,2,0,0
2024-12-17 00:00:00+00:00,1,81.0,51.0,1,0,0
2024-12-18 00:00:00+00:00,4,89.0,45.0,1,3,0
2024-12-19 00:00:00+00:00,6,72.0,45.0,1,5,0
2024-12-20 00:00:00+00:00,8,128.0,69.0,1,7,0
2024-12-21 00:00:00+00:00,2,104.0,52.0,1,1,0
2024-12-22 00:00:00+00:00,1,72.0,47.0,1,0,0
2024-12-23 00:00:00+00:00,3,64.0,40.0,1,2,0
2024-12-24 00:00:00+00:00,4,111.0,59.0,1,3,0
2024-12-25 00:00:00+00:00,5,109.0,79.0,1,4,0
2024-12-26 00:00:00+00:00,2,26.0,13.0,1,1,0
2024-12-27 00:00:00+00:00,1,16.0,15.0,1,0,0
2024-12-28 00:00:00+00:00,2,16.0,9.0,1,1,0
2024-12-30 00:00:00+00:00,4,55.0,22.0,1,3,0
2024-12-31 00:00:00+00:00,7,126.0,70.0,1,6,0
2025-01-01 00:00:00+00:00,3,77.0,52.0,1,2,0
2025-01-02 00:00:00+00:00,3,97.0,64.0,1,2,0
2025-01-03 00:00:00+00:00,5,124.0,50.0,2,3,0
2025-01-04 00:00:00+00:00,6,144.0,86.0,2,4,0
2025-01-05 00:00:00+00:00,6,146.0,97.0,1,5,0
2025-01-06 00:00:00+00:00,1,38.0,28.0,1,0,0
2025-01-07 00:00:00+00:00,1,64.0,41.0,1,0,0
2025-01-08 00:00:00+00:00,1,70.0,46.0,1,0,0
2025-01-09 00:00:00+00:00,9,92.0,53.0,1,8,0
2025-01-10 00:00:00+00:00,2,75.0,48.0,1,1,0
2025-01-11 00:00:00+00:00,1,94.0,60.0,1,0,0
2025-01-12 00:00:00+00:00,6,124.0,92.0,1,5,0
2025-01-13 00:00:00+00:00,2,81.0,59.0,1,1,0
2025-01-14 00:00:00+00:00,3,78.0,49.0,1,2,0
2025-01-15 00:00:00+00:00,10,111.0,77.0,1,9,0
2025-01-16 00:00:00+00:00,3,56.0,35.0,1,2,0
2025-01-17 00:00:00+00:00,1,39.0,24.0,1,0,0
2025-01-18 00:00:00+00:00,1,61.0,43.0,1,0,0
2025-01-19 00:00:00+00:00,2,142.0,93.0,1,1,0
2025-01-20 00:00:00+00:00,3,136.0,73.0,1,2,0
2025-01-21 00:00:00+00:00,1,99.0,65.0,1,0,0
2025-01-22 00:00:00+00:00,1,92.0,57.0,1,0,0
2025-01-23 00:00:00+00:00,2,62.0,25.0,1,1,0
2025-01-24 00:00:00+00:00,2,63.0,48.0,1,1,0
2025-01-25 00:00:00+00:00,1,72.0,50.0,1,0,0
2025-01-26 00:00:00+00:00,1,104.0,57.0,1,0,0
2025-01-27 00:00:00+00:00,2,101.0,66.0,1,1,0
2025-01-28 00:00:00+00:00,2,58.0,29.0,1,1,0
2025-01-29 00:00:00+00:00,2,82.0,38.0,1,1,0
2025-01-30 00:00:00+00:00,1,102.0,59.0,1,0,0
2025-01-31 00:00:00+00:00,9,166.0,57.0,1,8,0
2025-02-01 00:00:00+00:00,1,55.0,40.0,1,0,0
2025-02-02 00:00:00+00:00,5,85.0,52.0,1,4,0
2025-02-03 00:00:00+00:00,1,65.0,37.0,1,0,0
2025-02-04 00:00:00+00:00,4,109.0,60.0,1,3,0
2025-02-05 00:00:00+00:00,4,81.0,57.0,1,3,0
2025-02-06 00:00:00+00:00,3,114.0,83.0,1,2,0
2025-02-07 00:00:00+00:00,1,139.0,67.0,1,0,0
2025-02-08 00:00:00+00:00,1,151.0,70.0,1,0,0
2025-02-09 00:00:00+00:00,5,92.0,70.0,1,4,0
2025-02-10 00:00:00+00:00,3,7.0,4.0,0,3,0
2025-02-11 00:00:00+00:00,8,275.0,137.0,2,6,0
2025-02-12 00:00:00+00:00,6,149.0,93.0,1,5,0
2025-02-13 00:00:00+00:00,5,140.0,79.0,1,4,0
2025-02-14 00:00:00+00:00,3,73.0,34.0,1,2,0
2025-02-15 00:00:00+00:00,2,144.0,96.0,1,1,0
2025-02-16 00:00:00+00:00,6,157.0,88.0,1,5,0
2025-02-17 00:00:00+00:00,2,178.0,105.0,1,1,0
2025-02-18 00:00:00+00:00,3,170.0,107.0,1,2,0
2025-02-19 00:00:00+00:00,7,10.0,8.0,1,6,0
2025-02-20 00:00:00+00:00,5,339.0,169.0,2,3,0
2025-02-21 00:00:00+00:00,3,165.0,85.0,1,2,0
2025-02-22 00:00:00+00:00,4,272.0,140.0,1,3,0
2025-02-23 00:00:00+00:00,4,189.0,117.0,1,3,0
2025-02-24 00:00:00+00:00,5,223.0,142.0,1,4,0
2025-02-25 00:00:00+00:00,5,186.0,119.0,1,4,0
2025-02-26 00:00:00+00:00,3,169.0,93.0,1,2,0
2025-02-27 00:00:00+00:00,2,209.0,108.0,1,1,0
2025-02-28 00:00:00+00:00,5,161.0,109.0,1,4,0
2025-03-01 00:00:00+00:00,4,83.0,66.0,1,3,0
2025-03-02 00:00:00+00:00,1,83.0,46.0,1,0,0
2025-03-03 00:00:00+00:00,1,99.0,65.0,1,0,0
2025-03-04 00:00:00+00:00,3,185.0,115.0,1,2,0
2025-03-05 00:00:00+00:00,5,117.0,71.0,1,4,0
2025-03-06 00:00:00+00:00,2,195.0,101.0,1,1,0
2025-03-07 00:00:00+00:00,9,210.0,118.0,2,7,0
2025-03-08 00:00:00+00:00,6,126.0,77.0,1,5,0
2025-03-09 00:00:00+00:00,4,185.0,139.0,1,3,0
2025-03-10 00:00:00+00:00,4,129.0,82.0,1,3,0
2025-03-11 00:00:00+00:00,4,139.0,101.0,1,3,0
2025-03-12 00:00:00+00:00,4,121.0,77.0,1,3,0
2025-03-13 00:00:00+00:00,3,29.0,18.0,1,2,0
2025-03-14 00:00:00+00:00,4,182.0,132.0,1,3,0
2025-03-15 00:00:00+00:00,3,92.0,49.0,1,2,0
2025-03-16 00:00:00+00:00,4,179.0,95.0,1,3,0
2025-03-17 00:00:00+00:00,2,138.0,64.0,1,1,0
2025-03-18 00:00:00+00:00,3,151.0,72.0,1,2,0
2025-03-19 00:00:00+00:00,5,180.0,84.0,1,4,0
2025-03-20 00:00:00+00:00,6,230.0,130.0,1,5,0
2025-03-21 00:00:00+00:00,7,188.0,108.0,1,6,0
2025-03-22 00:00:00+00:00,2,152.0,102.0,2,0,0
2025-03-23 00:00:00+00:00,3,102.0,60.0,1,2,0
2025-03-24 00:00:00+00:00,4,142.0,80.0,1,3,0
2025-03-25 00:00:00+00:00,2,118.0,57.0,1,1,0
2025-03-26 00:00:00+00:00,4,93.0,48.0,3,1,0
2025-03-27 00:00:00+00:00,3,169.0,95.0,3,0,0
2025-03-28 00:00:00+00:00,3,178.0,100.0,3,0,0
2025-03-29 00:00:00+00:00,2,112.0,65.0,1,1,0
2025-03-30 00:00:00+00:00,3,135.0,59.0,1,2,0
2025-03-31 00:00:00+00:00,3,4.0,4.0,0,3,0
2025-04-01 00:00:00+00:00,3,80.0,47.0,3,0,0
2025-04-02 00:00:00+00:00,1,39.0,28.0,1,0,0
2025-04-03 00:00:00+00:00,1,78.0,42.0,1,0,0
2025-04-04 00:00:00+00:00,3,94.0,52.0,1,2,0
2025-04-05 00:00:00+00:00,2,118.0,46.0,1,1,0
2025-04-06 00:00:00+00:00,2,14.0,7.0,0,2,0
2025-04-07 00:00:00+00:00,4,55.0,17.0,2,2,0
2025-04-08 00:00:00+00:00,3,61.0,38.0,2,1,0
2025-04-09 00:00:00+00:00,3,148.0,88.0,2,1,0
2025-04-10 00:00:00+00:00,4,43.0,27.0,1,3,0
2025-04-11 00:00:00+00:00,1,88.0,56.0,1,0,0
2025-04-12 00:00:00+00:00,3,57.0,45.0,1,2,0
2025-04-13 00:00:00+00:00,6,71.0,47.0,1,5,0
2025-04-14 00:00:00+00:00,4,64.0,37.0,3,1,0
2025-04-15 00:00:00+00:00,3,100.0,60.0,2,1,0
2025-04-16 00:00:00+00:00,3,80.0,25.0,1,2,0
2025-04-17 00:00:00+00:00,5,45.0,30.0,2,3,0
2025-04-18 00:00:00+00:00,8,105.0,41.0,1,7,0
2025-04-21 00:00:00+00:00,6,161.0,88.0,3,3,0
2025-04-22 00:00:00+00:00,5,219.0,113.0,3,2,0
2025-04-23 00:00:00+00:00,4,154.0,73.0,2,2,0
2025-04-24 00:00:00+00:00,8,176.0,92.0,1,7,0
2025-04-25 00:00:00+00:00,5,123.0,72.0,2,3,0
2025-04-26 00:00:00+00:00,3,151.0,59.0,2,1,0
2025-04-27 00:00:00+00:00,1,166.0,40.0,1,0,0
2025-04-28 00:00:00+00:00,4,107.0,43.0,3,1,0
2025-04-29 00:00:00+00:00,3,112.0,54.0,2,1,0
2025-04-30 00:00:00+00:00,4,181.0,80.0,1,3,0
2025-05-01 00:00:00+00:00,3,157.0,71.0,2,1,0
2025-05-02 00:00:00+00:00,3,185.0,77.0,1,2,0
2025-05-03 00:00:00+00:00,4,169.0,72.0,2,2,0
2025-05-04 00:00:00+00:00,5,127.0,50.0,2,3,0
2025-05-05 00:00:00+00:00,4,140.0,58.0,3,1,0
2025-05-06 00:00:00+00:00,4,198.0,89.0,3,1,0
2025-05-07 00:00:00+00:00,1,31.0,20.0,1,0,0
2025-05-10 00:00:00+00:00,2,4.0,4.0,0,2,0
2025-05-11 00:00:00+00:00,5,219.0,118.0,2,3,0
2025-05-12 00:00:00+00:00,2,13.0,13.0,1,1,0
2025-05-13 00:00:00+00:00,4,156.0,90.0,2,2,0
2025-05-14 00:00:00+00:00,1,8.0,8.0,1,0,0
2025-05-15 00:00:00+00:00,3,113.0,65.0,1,2,0
2025-05-16 00:00:00+00:00,4,183.0,118.0,3,1,0
2025-05-17 00:00:00+00:00,1,273.0,88.0,1,0,0
2025-05-18 00:00:00+00:00,2,116.0,45.0,1,1,0
2025-05-19 00:00:00+00:00,3,113.0,40.0,2,1,0
2025-05-20 00:00:00+00:00,1,5.0,5.0,0,1,0
2025-05-21 00:00:00+00:00,6,92.0,38.0,1,5,0
2025-05-22 00:00:00+00:00,6,317.0,177.0,3,3,0
2025-05-23 00:00:00+00:00,6,270.0,140.0,1,5,0
2025-05-24 00:00:00+00:00,1,298.0,139.0,1,0,0
2025-05-25 00:00:00+00:00,6,425.0,279.0,1,5,0
2025-05-26 00:00:00+00:00,2,69.0,44.0,1,1,0
2025-05-27 00:00:00+00:00,6,100.0,40.0,1,5,0
2025-05-28 00:00:00+00:00,3,93.0,13.0,1,2,0
2025-05-29 00:00:00+00:00,6,101.0,34.0,2,4,0
2025-05-30 00:00:00+00:00,5,120.0,48.0,2,3,0
2025-05-31 00:00:00+00:00,3,479.0,213.0,1,2,0
2025-06-01 00:00:00+00:00,5,86.0,17.0,1,4,0
2025-06-02 00:00:00+00:00,3,118.0,66.0,3,0,0
2025-06-03 00:00:00+00:00,4,102.0,42.0,3,1,0
2025-06-04 00:00:00+00:00,4,116.0,40.0,2,2,0
2025-06-05 00:00:00+00:00,5,418.0,207.0,2,3,0
2025-06-06 00:00:00+00:00,7,256.0,129.0,3,4,0
2025-06-07 00:00:00+00:00,5,56.0,26.0,3,2,0
2025-06-08 00:00:00+00:00,5,490.0,284.0,1,4,0
2025-06-09 00:00:00+00:00,6,335.0,233.0,3,3,0
2025-06-10 00:00:00+00:00,3,87.0,41.0,1,2,0
2025-06-11 00:00:00+00:00,3,74.0,39.0,3,0,0
2025-06-12 00:00:00+00:00,3,62.0,31.0,1,2,0
2025-06-13 00:00:00+00:00,1,58.0,23.0,1,0,0
2025-06-14 00:00:00+00:00,2,185.0,113.0,2,0,0
2025-06-15 00:00:00+00:00,5,149.0,92.0,1,4,0
2025-06-16 00:00:00+00:00,4,453.0,249.0,1,3,0
2025-06-17 00:00:00+00:00,4,80.0,28.0,1,3,0
2025-06-18 00:00:00+00:00,3,106.0,42.0,1,2,0
2025-06-19 00:00:00+00:00,3,89.0,37.0,1,2,0
2025-06-20 00:00:00+00:00,3,282.0,150.0,2,1,0
2025-06-21 00:00:00+00:00,7,60.0,25.0,1,6,0
2025-06-22 00:00:00+00:00,8,376.0,162.0,2,6,0
2025-06-23 00:00:00+00:00,3,103.0,67.0,1,2,0
2025-06-24 00:00:00+00:00,2,75.0,36.0,1,1,0
2025-06-25 00:00:00+00:00,3,48.0,15.0,2,1,0
2025-06-26 00:00:00+00:00,2,364.0,212.0,1,1,0
2025-06-27 00:00:00+00:00,5,38.0,34.0,2,3,0
2025-06-28 00:00:00+00:00,3,483.0,217.0,2,1,0
2025-06-29 00:00:00+00:00,7,168.0,103.0,1,6,0
2025-06-30 00:00:00+00:00,3,57.0,19.0,3,0,0
2025-07-01 00:00:00+00:00,4,122.0,34.0,3,1,0
2025-07-02 00:00:00+00:00,3,58.0,28.0,3,0,0
2025-07-03 00:00:00+00:00,4,547.0,274.0,3,1,0
2025-07-04 00:00:00+00:00,6,339.0,163.0,2,4,0
2025-07-05 00:00:00+00:00,3,164.0,101.0,2,1,0
2025-07-06 00:00:00+00:00,5,116.0,69.0,4,1,0
2025-07-07 00:00:00+00:00,2,3.0,3.0,2,0,0
2025-07-08 00:00:00+00:00,8,811.0,341.0,4,4,0
2025-07-09 00:00:00+00:00,9,422.0,183.0,3,6,0
2025-07-10 00:00:00+00:00,3,85.0,50.0,1,2,0
2025-07-11 00:00:00+00:00,3,603.0,325.0,3,0,0
2025-07-12 00:00:00+00:00,4,89.0,48.0,1,3,0
2025-07-13 00:00:00+00:00,2,140.0,61.0,1,1,0
2025-07-14 00:00:00+00:00,4,276.0,186.0,2,2,0
2025-07-15 00:00:00+00:00,6,410.0,204.0,1,5,0
2025-07-16 00:00:00+00:00,3,70.0,42.0,3,0,0
2025-07-17 00:00:00+00:00,3,42.0,18.0,3,0,0
2025-07-18 00:00:00+00:00,3,351.0,192.0,2,1,0
2025-07-19 00:00:00+00:00,6,97.0,46.0,3,3,0
2025-07-20 00:00:00+00:00,3,429.0,203.0,2,1,0
2025-07-21 00:00:00+00:00,5,66.0,50.0,1,4,0
2025-07-22 00:00:00+00:00,2,73.0,29.0,1,1,0
2025-07-23 00:00:00+00:00,4,112.0,96.0,3,1,0
2025-07-24 00:00:00+00:00,4,69.0,60.0,3,1,0
2025-07-25 00:00:00+00:00,4,240.0,205.0,3,1,0
2025-07-26 00:00:00+00:00,3,90.0,85.0,3,0,0
2025-07-27 00:00:00+00:00,2,332.0,317.0,1,1,0
2025-07-28 00:00:00+00:00,6,48.0,36.0,3,3,0
2025-07-29 00:00:00+00:00,3,87.0,60.0,3,0,0
2025-07-30 00:00:00+00:00,3,321.0,295.0,2,1,0
2025-07-31 00:00:00+00:00,3,76.0,48.0,3,0,0
2025-08-01 00:00:00+00:00,2,56.0,48.0,2,0,0
2025-08-02 00:00:00+00:00,5,89.0,67.0,2,3,0
2025-08-03 00:00:00+00:00,2,164.0,163.0,2,0,0
2025-08-04 00:00:00+00:00,5,60.0,36.0,2,3,0
2025-08-05 00:00:00+00:00,4,49.0,39.0,3,1,0
2025-08-06 00:00:00+00:00,2,115.0,92.0,2,0,0
2025-08-07 00:00:00+00:00,2,110.0,84.0,2,0,0
2025-08-08 00:00:00+00:00,3,54.0,22.0,2,1,0
2025-08-09 00:00:00+00:00,3,106.0,76.0,3,0,0
2025-08-10 00:00:00+00:00,3,75.0,63.0,3,0,0
2025-08-11 00:00:00+00:00,3,58.0,42.0,2,1,0
2025-08-12 00:00:00+00:00,4,66.0,49.0,3,1,0
2025-08-13 00:00:00+00:00,4,52.0,29.0,3,1,0
2025-08-14 00:00:00+00:00,4,106.0,70.0,3,1,0
2025-08-15 00:00:00+00:00,4,94.0,69.0,3,1,0
2025-08-16 00:00:00+00:00,4,70.0,49.0,3,1,0
2025-08-17 00:00:00+00:00,4,148.0,92.0,3,1,0
2025-08-18 00:00:00+00:00,4,284.0,241.0,3,1,0
2025-08-19 00:00:00+00:00,4,107.0,74.0,2,2,0
2025-08-20 00:00:00+00:00,8,619.0,583.0,3,5,0
2025-08-21 00:00:00+00:00,3,61.0,52.0,3,0,0
2025-08-22 00:00:00+00:00,1,49.0,36.0,1,0,0
2025-08-23 00:00:00+00:00,2,73.0,48.0,1,1,0
2025-08-24 00:00:00+00:00,3,113.0,85.0,3,0,0
2025-08-25 00:00:00+00:00,1,59.0,47.0,1,0,0
2025-08-26 00:00:00+00:00,1,95.0,74.0,1,0,0
2025-08-27 00:00:00+00:00,3,602.0,567.0,3,0,0
2025-08-28 00:00:00+00:00,6,105.0,78.0,3,3,0
2025-08-29 00:00:00+00:00,3,541.0,514.0,3,0,0
2025-08-30 00:00:00+00:00,5,193.0,170.0,3,2,0
2025-08-31 00:00:00+00:00,3,89.0,70.0,3,0,0
2025-09-01 00:00:00+00:00,2,153.0,123.0,2,0,0
2025-09-02 00:00:00+00:00,4,560.0,483.0,4,0,0
2025-09-03 00:00:00+00:00,5,142.0,111.0,3,2,0
2025-09-04 00:00:00+00:00,7,180.0,135.0,2,5,0
2025-09-05 00:00:00+00:00,3,106.0,83.0,3,0,0
2025-09-06 00:00:00+00:00,4,832.0,760.0,2,2,0
2025-09-07 00:00:00+00:00,2,149.0,119.0,2,0,0
2025-09-08 00:00:00+00:00,3,93.0,69.0,3,0,0
2025-09-09 00:00:00+00:00,4,464.0,419.0,2,2,0
2025-09-10 00:00:00+00:00,1,66.0,62.0,1,0,0
2025-09-11 00:00:00+00:00,3,51.0,44.0,3,0,0
2025-09-12 00:00:00+00:00,4,171.0,143.0,3,1,0
2025-09-13 00:00:00+00:00,4,62.0,55.0,3,1,0
2025-09-14 00:00:00+00:00,4,94.0,66.0,3,1,0
2025-09-15 00:00:00+00:00,3,116.0,92.0,3,0,0
2025-09-16 00:00:00+00:00,5,186.0,148.0,3,2,0
2025-09-17 00:00:00+00:00,3,88.0,61.0,3,0,0
2025-09-18 00:00:00+00:00,3,89.0,74.0,2,1,0
2025-09-19 00:00:00+00:00,2,588.0,561.0,2,0,0
2025-09-20 00:00:00+00:00,5,112.0,82.0,3,2,0
2025-09-21 00:00:00+00:00,3,152.0,143.0,3,0,0
2025-09-22 00:00:00+00:00,4,135.0,120.0,3,1,0
2025-09-23 00:00:00+00:00,3,158.0,132.0,3,0,0
2025-09-24 00:00:00+00:00,3,187.0,161.0,3,0,0
2025-09-25 00:00:00+00:00,1,154.0,128.0,1,0,0
2025-09-26 00:00:00+00:00,3,127.0,109.0,3,0,0
2025-09-27 00:00:00+00:00,1,593.0,566.0,1,0,0
2025-09-28 00:00:00+00:00,6,90.0,76.0,3,3,0
2025-09-29 00:00:00+00:00,2,68.0,49.0,1,1,0
2025-09-30 00:00:00+00:00,3,54.0,44.0,1,2,0
2025-10-01 00:00:00+00:00,2,87.0,54.0,1,1,0
2025-10-02 00:00:00+00:00,5,420.0,324.0,1,4,0
2025-10-03 00:00:00+00:00,5,120.0,79.0,1,4,0
2025-10-04 00:00:00+00:00,1,496.0,439.0,1,0,0
2025-10-05 00:00:00+00:00,5,172.0,125.0,2,3,0
2025-10-06 00:00:00+00:00,4,174.0,109.0,3,1,0
2025-10-07 00:00:00+00:00,2,191.0,162.0,2,0,0
2025-10-08 00:00:00+00:00,2,114.0,89.0,2,0,0
2025-10-09 00:00:00+00:00,4,495.0,419.0,1,3,0
2025-10-10 00:00:00+00:00,3,84.0,59.0,2,1,0
2025-10-11 00:00:00+00:00,3,121.0,105.0,2,1,0
2025-10-12 00:00:00+00:00,2,90.0,77.0,2,0,0
2025-10-13 00:00:00+00:00,3,104.0,77.0,3,0,0
2025-10-14 00:00:00+00:00,3,127.0,100.0,3,0,0
2025-10-15 00:00:00+00:00,4,334.0,295.0,3,1,0
2025-10-16 00:00:00+00:00,5,106.0,41.0,2,3,0
2025-10-17 00:00:00+00:00,4,176.0,145.0,3,1,0
2025-10-18 00:00:00+00:00,3,75.0,53.0,3,0,0
2025-10-19 00:00:00+00:00,4,71.0,46.0,3,1,0
2025-10-20 00:00:00+00:00,4,107.0,61.0,2,2,0
2025-10-21 00:00:00+00:00,5,436.0,356.0,2,3,0
2025-10-22 00:00:00+00:00,4,144.0,102.0,3,1,0
2025-10-23 00:00:00+00:00,2,136.0,80.0,2,0,0
2025-10-24 00:00:00+00:00,3,74.0,56.0,1,2,0
2025-10-25 00:00:00+00:00,2,104.0,93.0,1,1,0
2025-10-26 00:00:00+00:00,1,100.0,66.0,1,0,0
2025-10-27 00:00:00+00:00,2,47.0,35.0,2,0,0
2025-10-28 00:00:00+00:00,2,134.0,101.0,2,0,0
2025-10-29 00:00:00+00:00,3,660.0,599.0,3,0,0
2025-10-30 00:00:00+00:00,12,206.0,147.0,3,9,0
2025-10-31 00:00:00+00:00,3,227.0,210.0,3,0,0
2025-11-01 00:00:00+00:00,4,94.0,79.0,2,2,0
2025-11-02 00:00:00+00:00,6,157.0,123.0,3,3,0
2025-11-03 00:00:00+00:00,5,145.0,100.0,3,2,0
2025-11-04 00:00:00+00:00,2,88.0,69.0,2,0,0
2025-11-05 00:00:00+00:00,1,135.0,108.0,1,0,0
2025-11-06 00:00:00+00:00,2,135.0,101.0,2,0,0
2025-11-07 00:00:00+00:00,4,509.0,421.0,2,2,0
2025-11-08 00:00:00+00:00,2,74.0,39.0,2,0,0
2025-11-09 00:00:00+00:00,3,77.0,57.0,1,2,0
2025-11-10 00:00:00+00:00,2,121.0,53.0,1,1,0
2025-11-11 00:00:00+00:00,2,138.0,107.0,2,0,0
2025-11-12 00:00:00+00:00,5,167.0,129.0,3,2,0
2025-11-13 00:00:00+00:00,6,454.0,425.0,2,4,0
2025-11-14 00:00:00+00:00,5,146.0,100.0,2,3,0
2025-11-15 00:00:00+00:00,4,188.0,150.0,1,3,0
2025-11-16 00:00:00+00:00,2,130.0,91.0,1,1,0
2025-11-17 00:00:00+00:00,3,131.0,114.0,1,2,0
2025-11-18 00:00:00+00:00,3,490.0,455.0,2,1,0
2025-11-19 00:00:00+00:00,4,187.0,151.0,1,3,0
2025-11-20 00:00:00+00:00,1,115.0,95.0,1,0,0
2025-11-21 00:00:00+00:00,5,161.0,145.0,4,1,0
2025-11-22 00:00:00+00:00,3,108.0,79.0,3,0,0
2025-11-23 00:00:00+00:00,3,169.0,132.0,3,0,0
2025-11-24 00:00:00+00:00,5,487.0,456.0,2,3,0
2025-11-25 00:00:00+00:00,6,108.0,85.0,3,3,0
2025-11-26 00:00:00+00:00,2,153.0,103.0,1,1,0
2025-11-27 00:00:00+00:00,4,83.0,73.0,3,1,0
2025-11-28 00:00:00+00:00,6,636.0,581.0,2,4,0
2025-11-29 00:00:00+00:00,3,127.0,107.0,2,1,0
2025-11-30 00:00:00+00:00,1,89.0,63.0,1,0,0
2025-12-01 00:00:00+00:00,1,62.0,39.0,1,0,0
2025-12-02 00:00:00+00:00,2,114.0,86.0,2,0,0
2025-12-03 00:00:00+00:00,3,140.0,114.0,1,2,0
2025-12-04 00:00:00+00:00,2,149.0,92.0,1,1,0
2025-12-05 00:00:00+00:00,4,706.0,620.0,1,3,0
2025-12-06 00:00:00+00:00,5,254.0,184.0,1,4,0
2025-12-07 00:00:00+00:00,2,155.0,137.0,1,1,0
2025-12-08 00:00:00+00:00,2,115.0,89.0,1,1,0
2025-12-09 00:00:00+00:00,2,101.0,71.0,1,1,0
2025-12-10 00:00:00+00:00,3,163.0,94.0,1,2,0
2025-12-11 00:00:00+00:00,2,91.0,75.0,1,1,0
2025-12-12 00:00:00+00:00,5,494.0,430.0,1,4,0
2025-12-13 00:00:00+00:00,3,143.0,110.0,1,2,0
2025-12-14 00:00:00+00:00,3,165.0,145.0,3,0,0
2025-12-15 00:00:00+00:00,2,89.0,77.0,1,1,0
2025-12-16 00:00:00+00:00,3,97.0,65.0,3,0,0
2025-12-17 00:00:00+00:00,3,104.0,85.0,3,0,0
2025-12-18 00:00:00+00:00,3,172.0,120.0,3,0,0
2025-12-19 00:00:00+00:00,4,82.0,58.0,3,1,0
2025-12-20 00:00:00+00:00,1,97.0,75.0,1,0,0
2025-12-21 00:00:00+00:00,3,89.0,60.0,1,2,0
2025-12-22 00:00:00+00:00,2,657.0,609.0,2,0,0
2025-12-23 00:00:00+00:00,5,192.0,132.0,3,2,0
2025-12-24 00:00:00+00:00,3,162.0,137.0,3,0,0
2025-12-25 00:00:00+00:00,4,134.0,107.0,3,1,0
2025-12-26 00:00:00+00:00,6,569.0,513.0,2,4,0
2025-12-27 00:00:00+00:00,2,71.0,53.0,1,1,0
2025-12-28 00:00:00+00:00,2,38.0,34.0,1,1,0
2025-12-29 00:00:00+00:00,4,70.0,61.0,1,3,0
2025-12-30 00:00:00+00:00,2,139.0,113.0,1,1,0
2025-12-31 00:00:00+00:00,2,216.0,187.0,1,1,0
2026-01-01 00:00:00+00:00,4,156.0,126.0,3,1,0
2026-01-02 00:00:00+00:00,2,103.0,88.0,1,1,0
2026-01-03 00:00:00+00:00,2,64.0,51.0,1,1,0
2026-01-04 00:00:00+00:00,3,186.0,149.0,1,2,0
2026-01-05 00:00:00+00:00,3,80.0,72.0,2,1,0
2026-01-06 00:00:00+00:00,3,110.0,95.0,1,2,0
2026-01-07 00:00:00+00:00,4,109.0,80.0,1,3,0
2026-01-08 00:00:00+00:00,6,288.0,254.0,2,4,0
2026-01-09 00:00:00+00:00,4,133.0,105.0,1,3,0
2026-01-10 00:00:00+00:00,2,166.0,137.0,1,1,0
2026-01-11 00:00:00+00:00,3,173.0,152.0,2,1,0
2026-01-12 00:00:00+00:00,5,337.0,266.0,3,2,0
2026-01-13 00:00:00+00:00,4,139.0,113.0,3,1,0
2026-01-14 00:00:00+00:00,3,111.0,90.0,3,0,0
2026-01-15 00:00:00+00:00,4,105.0,79.0,2,2,0
2026-01-16 00:00:00+00:00,3,136.0,117.0,2,1,0
2026-01-17 00:00:00+00:00,2,212.0,178.0,1,1,0
2026-01-18 00:00:00+00:00,2,165.0,146.0,1,1,0
2026-01-19 00:00:00+00:00,6,389.0,358.0,2,4,0
2026-01-20 00:00:00+00:00,4,127.0,113.0,2,2,0
2026-01-21 00:00:00+00:00,4,106.0,91.0,2,2,0
2026-01-22 00:00:00+00:00,1,101.0,76.0,1,0,0
2026-01-23 00:00:00+00:00,6,417.0,393.0,1,5,0
2026-01-24 00:00:00+00:00,3,137.0,120.0,2,1,0
2026-01-25 00:00:00+00:00,2,161.0,133.0,1,1,0
2026-01-26 00:00:00+00:00,2,170.0,140.0,2,0,0
2026-01-27 00:00:00+00:00,4,167.0,123.0,3,1,0
2026-01-28 00:00:00+00:00,4,122.0,101.0,4,0,0
2026-01-29 00:00:00+00:00,3,128.0,96.0,1,2,0
2026-01-30 00:00:00+00:00,2,91.0,70.0,2,0,0
2026-01-31 00:00:00+00:00,1,90.0,76.0,1,0,0
2026-02-01 00:00:00+00:00,4,197.0,182.0,3,1,0
2026-02-02 00:00:00+00:00,7,550.0,479.0,3,4,0
2026-02-03 00:00:00+00:00,3,120.0,103.0,3,0,0
2026-02-04 00:00:00+00:00,4,204.0,175.0,3,1,0
2026-02-05 00:00:00+00:00,6,346.0,308.0,3,3,0
2026-02-06 00:00:00+00:00,2,417.0,391.0,1,1,0
2026-02-07 00:00:00+00:00,4,140.0,93.0,1,3,0
2026-02-08 00:00:00+00:00,3,191.0,147.0,1,2,0
2026-02-09 00:00:00+00:00,3,151.0,136.0,2,1,0
2026-02-10 00:00:00+00:00,4,161.0,143.0,3,1,0
2026-02-11 00:00:00+00:00,7,278.0,243.0,3,4,0
2026-02-12 00:00:00+00:00,3,182.0,138.0,2,1,0
2026-02-13 00:00:00+00:00,6,148.0,124.0,4,2,0
2026-02-14 00:00:00+00:00,2,103.0,75.0,1,1,0
2026-02-15 00:00:00+00:00,6,72.0,58.0,2,4,0
2026-02-16 00:00:00+00:00,7,430.0,396.0,2,5,0
2026-02-17 00:00:00+00:00,5,174.0,147.0,2,3,0
2026-02-18 00:00:00+00:00,1,37.0,29.0,1,0,0
2026-02-19 00:00:00+00:00,5,153.0,130.0,3,2,0
2026-02-20 00:00:00+00:00,4,141.0,126.0,3,1,0
2026-02-21 00:00:00+00:00,3,329.0,306.0,3,0,0
2026-02-22 00:00:00+00:00,9,216.0,177.0,3,6,0
2026-02-23 00:00:00+00:00,4,168.0,145.0,3,1,0
2026-02-24 00:00:00+00:00,2,127.0,107.0,2,0,0
2026-02-25 00:00:00+00:00,3,448.0,400.0,2,1,0
2026-02-26 00:00:00+00:00,6,239.0,210.0,2,4,0
2026-02-27 00:00:00+00:00,4,143.0,133.0,3,1,0
2026-02-28 00:00:00+00:00,3,165.0,152.0,3,0,0
2026-03-01 00:00:00+00:00,4,133.0,122.0,3,1,0
2026-03-02 00:00:00+00:00,3,168.0,158.0,2,1,0
2026-03-03 00:00:00+00:00,3,187.0,167.0,3,0,0
2026-03-04 00:00:00+00:00,5,195.0,174.0,3,2,0
2026-03-05 00:00:00+00:00,3,173.0,143.0,3,0,0
2026-03-06 00:00:00+00:00,2,510.0,483.0,2,0,0
2026-03-07 00:00:00+00:00,7,184.0,153.0,3,4,0
2026-03-08 00:00:00+00:00,4,239.0,201.0,3,1,0
2026-03-09 00:00:00+00:00,4,189.0,171.0,3,1,0
2026-03-10 00:00:00+00:00,3,131.0,122.0,3,0,0
2026-03-11 00:00:00+00:00,3,131.0,114.0,3,0,0
2026-03-12 00:00:00+00:00,4,172.0,162.0,3,1,0
2026-03-13 00:00:00+00:00,3,463.0,435.0,3,0,0
2026-03-14 00:00:00+00:00,8,182.0,165.0,3,5,0
2026-03-15 00:00:00+00:00,3,226.0,209.0,3,0,0
2026-03-16 00:00:00+00:00,3,207.0,182.0,2,1,0
2026-03-17 00:00:00+00:00,3,181.0,162.0,3,0,0
2026-03-18 00:00:00+00:00,2,179.0,155.0,2,0,0
2026-03-19 00:00:00+00:00,3,198.0,175.0,3,0,0
2026-03-20 00:00:00+00:00,2,192.0,186.0,2,0,0
2026-03-21 00:00:00+00:00,2,180.0,168.0,2,0,0
2026-03-22 00:00:00+00:00,2,286.0,269.0,2,0,0
2026-03-23 00:00:00+00:00,7,474.0,445.0,3,4,0
2026-03-24 00:00:00+00:00,4,773.0,732.0,3,1,0
2026-03-25 00:00:00+00:00,2,214.0,191.0,2,0,0
2026-03-26 00:00:00+00:00,2,146.0,137.0,2,0,0
2026-03-27 00:00:00+00:00,2,337.0,316.0,2,0,0
2026-03-28 00:00:00+00:00,3,484.0,421.0,2,1,0
2026-03-29 00:00:00+00:00,5,231.0,216.0,4,1,0
2026-03-30 00:00:00+00:00,2,328.0,306.0,2,0,0
2026-03-31 00:00:00+00:00,2,342.0,301.0,2,0,0
2026-04-01 00:00:00+00:00,3,565.0,524.0,3,0,0
2026-04-02 00:00:00+00:00,4,556.0,517.0,1,3,0
2026-04-03 00:00:00+00:00,3,357.0,330.0,2,1,0
2026-04-04 00:00:00+00:00,2,187.0,170.0,2,0,0
2026-04-05 00:00:00+00:00,2,217.0,190.0,2,0,0
2026-04-06 00:00:00+00:00,2,178.0,145.0,2,0,0
2026-04-07 00:00:00+00:00,2,211.0,181.0,2,0,0
2026-04-08 00:00:00+00:00,2,211.0,191.0,2,0,0
2026-04-09 00:00:00+00:00,2,196.0,181.0,2,0,0
2026-04-10 00:00:00+00:00,2,242.0,215.0,2,0,0
2026-04-13 00:00:00+00:00,5,293.0,263.0,3,2,0
2026-04-14 00:00:00+00:00,3,415.0,397.0,2,1,0
2026-04-15 00:00:00+00:00,5,720.0,684.0,2,3,0
2026-04-16 00:00:00+00:00,3,247.0,221.0,2,1,0
2026-04-17 00:00:00+00:00,2,296.0,267.0,2,0,0
2026-04-18 00:00:00+00:00,2,298.0,265.0,2,0,0
2026-04-19 00:00:00+00:00,2,211.0,182.0,2,0,0
2026-04-20 00:00:00+00:00,3,209.0,181.0,2,1,0
2026-04-21 00:00:00+00:00,2,240.0,214.0,2,0,0
2026-04-22 00:00:00+00:00,2,228.0,212.0,2,0,0
2026-04-23 00:00:00+00:00,3,124.0,111.0,2,1,0
2026-04-24 00:00:00+00:00,4,677.0,625.0,2,2,0
2026-04-25 00:00:00+00:00,4,262.0,238.0,2,2,0
2026-04-26 00:00:00+00:00,2,134.0,114.0,2,0,0
2026-04-27 00:00:00+00:00,2,161.0,133.0,2,0,0
2026-04-28 00:00:00+00:00,2,224.0,207.0,2,0,0
2026-04-29 00:00:00+00:00,3,259.0,224.0,2,1,0
2026-04-30 00:00:00+00:00,2,269.0,249.0,2,0,0
2026-05-01 00:00:00+00:00,3,645.0,603.0,3,0,0
2026-05-02 00:00:00+00:00,4,554.0,527.0,3,1,0
2026-05-03 00:00:00+00:00,5,446.0,364.0,3,2,0
2026-05-04 00:00:00+00:00,5,297.0,253.0,3,2,0
2026-05-05 00:00:00+00:00,4,172.0,150.0,2,2,0
2026-05-06 00:00:00+00:00,2,152.0,142.0,2,0,0
2026-05-07 00:00:00+00:00,2,122.0,111.0,2,0,0
2026-05-08 00:00:00+00:00,3,64.0,54.0,2,1,0
2026-05-09 00:00:00+00:00,2,43.0,43.0,2,0,0
2026-05-10 00:00:00+00:00,3,76.0,76.0,3,0,0
2026-05-11 00:00:00+00:00,3,314.0,290.0,3,0,0
2026-05-12 00:00:00+00:00,3,270.0,242.0,3,0,0
2026-05-13 00:00:00+00:00,4,1449.0,1374.0,2,2,0
2026-05-14 00:00:00+00:00,5,246.0,224.0,2,3,0
2026-05-15 00:00:00+00:00,3,359.0,333.0,2,1,0
2026-05-16 00:00:00+00:00,2,355.0,347.0,2,0,0
2026-05-17 00:00:00+00:00,5,613.0,574.0,2,3,0
2026-05-18 00:00:00+00:00,2,267.0,238.0,2,0,0
2026-05-19 00:00:00+00:00,4,211.0,187.0,2,2,0
2026-05-20 00:00:00+00:00,4,238.0,221.0,3,1,0
2026-05-21 00:00:00+00:00,2,161.0,152.0,2,0,0
2026-05-22 00:00:00+00:00,2,169.0,147.0,2,0,0
2026-05-23 00:00:00+00:00,3,636.0,584.0,2,1,0
2026-05-24 00:00:00+00:00,7,388.0,337.0,2,5,0
2026-05-25 00:00:00+00:00,4,199.0,186.0,2,2,0
2026-05-26 00:00:00+00:00,2,190.0,177.0,2,0,0
2026-05-27 00:00:00+00:00,4,201.0,191.0,3,1,0
2026-05-28 00:00:00+00:00,3,307.0,291.0,2,1,0
2026-05-29 00:00:00+00:00,4,337.0,324.0,2,2,0
2026-05-30 00:00:00+00:00,2,275.0,258.0,2,0,0
2026-05-31 00:00:00+00:00,2,342.0,305.0,2,0,0
2026-06-01 00:00:00+00:00,4,783.0,699.0,2,2,0
2026-06-02 00:00:00+00:00,4,305.0,293.0,2,2,0
2026-06-03 00:00:00+00:00,3,361.0,331.0,2,1,0
2026-06-04 00:00:00+00:00,3,272.0,252.0,2,1,0
2026-06-05 00:00:00+00:00,3,349.0,325.0,2,1,0
2026-06-06 00:00:00+00:00,2,318.0,297.0,2,0,0
2026-06-07 00:00:00+00:00,2,214.0,183.0,2,0,0
2026-06-08 00:00:00+00:00,4,251.0,227.0,2,2,0
2026-06-09 00:00:00+00:00,2,286.0,260.0,2,0,0
2026-06-10 00:00:00+00:00,5,304.0,274.0,2,3,0
2026-06-11 00:00:00+00:00,2,201.0,186.0,2,0,0
2026-06-12 00:00:00+00:00,3,201.0,193.0,2,1,0
2026-06-13 00:00:00+00:00,3,160.0,151.0,2,1,0
2026-06-14 00:00:00+00:00,5,737.0,688.0,2,3,0
2026-06-15 00:00:00+00:00,3,198.0,178.0,2,1,0
2026-06-16 00:00:00+00:00,2,210.0,188.0,2,0,0
2026-06-17 00:00:00+00:00,3,299.0,269.0,2,1,0
2026-06-18 00:00:00+00:00,2,159.0,148.0,2,0,0
2026-06-19 00:00:00+00:00,2,200.0,193.0,2,0,0
2026-06-20 00:00:00+00:00,4,208.0,195.0,2,2,0
2026-06-21 00:00:00+00:00,3,204.0,194.0,2,1,0
2026-06-22 00:00:00+00:00,3,211.0,194.0,3,0,0
2026-06-23 00:00:00+00:00,3,131.0,124.0,2,1,0
2026-06-24 00:00:00+00:00,4,116.0,107.0,2,2,0
2026-06-25 00:00:00+00:00,3,242.0,223.0,2,1,0
2026-06-26 00:00:00+00:00,2,189.0,173.0,2,0,0
2026-06-27 00:00:00+00:00,5,193.0,176.0,2,3,0
2026-06-28 00:00:00+00:00,2,162.0,136.0,2,0,0
2026-06-29 00:00:00+00:00,2,205.0,189.0,2,0,0
2026-06-30 00:00:00+00:00,4,235.0,213.0,2,2,0
2026-07-01 00:00:00+00:00,3,551.0,530.0,2,1,0
2026-07-02 00:00:00+00:00,8,233.0,183.0,2,6,0
2026-07-03 00:00:00+00:00,4,131.0,112.0,2,2,0
2026-07-04 00:00:00+00:00,4,181.0,167.0,2,2,0
2026-07-05 00:00:00+00:00,3,440.0,413.0,2,1,0
2026-07-06 00:00:00+00:00,7,268.0,220.0,2,5,0
2026-07-07 00:00:00+00:00,5,236.0,198.0,2,3,0
2026-07-08 00:00:00+00:00,4,130.0,104.0,2,2,0
2026-07-09 00:00:00+00:00,2,207.0,184.0,2,0,0
2026-07-10 00:00:00+00:00,6,161.0,137.0,2,4,0
2026-07-11 00:00:00+00:00,4,199.0,176.0,2,2,0
2026-07-12 00:00:00+00:00,3,247.0,236.0,2,1,0
2026-07-13 00:00:00+00:00,4,249.0,219.0,2,2,0
2026-07-14 00:00:00+00:00,4,216.0,191.0,2,2,0
2026-07-15 00:00:00+00:00,6,279.0,247.0,2,4,0
2026-07-16 00:00:00+00:00,4,185.0,167.0,2,2,0
2026-07-17 00:00:00+00:00,5,168.0,141.0,2,3,0
2026-07-18 00:00:00+00:00,6,232.0,190.0,2,4,0
2026-07-19 00:00:00+00:00,6,177.0,154.0,2,4,0
2026-07-20 00:00:00+00:00,3,135.0,121.0,2,1,0
2026-07-21 00:00:00+00:00,5,299.0,282.0,2,3,0
2026-07-22 00:00:00+00:00,5,226.0,206.0,2,3,0
2026-07-23 00:00:00+00:00,4,244.0,220.0,2,2,0
2026-07-24 00:00:00+00:00,6,327.0,282.0,3,3,0
2026-07-25 00:00:00+00:00,5,198.0,162.0,2,3,0
2026-07-26 00:00:00+00:00,3,205.0,180.0,2,1,0
2026-07-27 00:00:00+00:00,4,199.0,171.0,2,2,0
2026-07-28 00:00:00+00:00,2,130.0,115.0,2,0,0
2026-07-29 00:00:00+00:00,3,353.0,332.0,2,1,0
2026-07-30 00:00:00+00:00,7,418.0,335.0,2,5,0
2026-07-31 00:00:00+00:00,7,295.0,229.0,2,5,0
2026-08-01 00:00:00+00:00,3,194.0,170.0,2,1,0
2026-08-02 00:00:00+00:00,2,238.0,220.0,2,0,0
2026-08-03 00:00:00+00:00,4,200.0,178.0,2,2,0
2026-08-04 00:00:00+00:00,6,233.0,185.0,2,4,0
2026-08-05 00:00:00+00:00,5,156.0,118.0,2,3,0
2026-08-06 00:00:00+00:00,2,213.0,180.0,2,0,0
2026-08-07 00:00:00+00:00,4,238.0,214.0,2,2,0
2026-08-08 00:00:00+00:00,3,219.0,179.0,1,2,0
2026-08-09 00:00:00+00:00,4,234.0,199.0,2,2,0
2026-08-10 00:00:00+00:00,3,203.0,181.0,2,1,0
2026-08-11 00:00:00+00:00,6,260.0,231.0,2,4,0
2026-08-12 00:00:00+00:00,5,194.0,170.0,2,3,0
2026-08-14 00:00:00+00:00,3,245.0,217.0,2,1,0
2026-08-15 00:00:00+00:00,4,177.0,156.0,2,2,0
2026-08-16 00:00:00+00:00,2,189.0,167.0,2,0,0
2026-08-17 00:00:00+00:00,4,248.0,209.0,2,2,0
2026-08-18 00:00:00+00:00,6,230.0,209.0,3,3,0
2026-08-19 00:00:00+00:00,3,253.0,230.0,2,1,0
2026-08-20 00:00:00+00:00,4,236.0,203.0,2,2,0
2026-08-21 00:00:00+00:00,4,322.0,287.0,2,2,0
2026-08-22 00:00:00+00:00,2,205.0,175.0,2,0,0
2026-08-23 00:00:00+00:00,4,234.0,195.0,2,2,0
2026-08-24 00:00:00+00:00,4,189.0,161.0,2,2,0
2026-08-25 00:00:00+00:00,2,225.0,197.0,2,0,0
2026-08-26 00:00:00+00:00,4,303.0,266.0,2,2,0
2026-08-27 00:00:00+00:00,3,338.0,291.0,3,0,0
2026-08-28 00:00:00+00:00,6,388.0,328.0,3,3,0
2026-08-29 00:00:00+00:00,4,401.0,369.0,3,1,0
2026-08-30 00:00:00+00:00,3,183.0,157.0,2,1,0
2026-08-31 00:00:00+00:00,5,276.0,244.0,2,3,0
2026-09-01 00:00:00+00:00,5,316.0,259.0,3,2,0
2026-09-02 00:00:00+00:00,2,218.0,190.0,2,0,0
2026-09-03 00:00:00+00:00,3,163.0,144.0,2,1,0
2026-09-04 00:00:00+00:00,3,204.0,165.0,2,1,0
2026-09-05 00:00:00+00:00,2,156.0,130.0,2,0,0
2026-09-06 00:00:00+00:00,2,141.0,120.0,2,0,0
2026-09-07 00:00:00+00:00,3,229.0,205.0,2,1,0
2026-09-08 00:00:00+00:00,4,321.0,287.0,2,2,0
2026-09-09 00:00:00+00:00,2,209.0,188.0,2,0,0
2026-09-10 00:00:00+00:00,2,216.0,193.0,2,0,0
2026-09-11 00:00:00+00:00,6,211.0,184.0,2,4,0
2026-09-12 00:00:00+00:00,3,903.0,781.0,3,0,0
2026-09-13 00:00:00+00:00,3,462.0,426.0,3,0,0
2026-09-14 00:00:00+00:00,2,224.0,211.0,2,0,0
2026-09-15 00:00:00+00:00,2,112.0,95.0,2,0,0
2026-09-16 00:00:00+00:00,5,230.0,193.0,2,3,0
2026-09-17 00:00:00+00:00,2,171.0,147.0,2,0,0
2026-09-18 00:00:00+00:00,3,243.0,208.0,2,1,0
