day,oblast,attack_events,uav_events,missile_events,guided_bomb_events
2025-01-26 00:00:00+00:00,Івано-Франківська область,1,1,0,0
2025-01-26 00:00:00+00:00,Дніпропетровська область,1,1,0,0
2025-01-26 00:00:00+00:00,Київська область,1,1,0,0
2025-01-26 00:00:00+00:00,Сумська область,1,1,0,0
2025-01-27 00:00:00+00:00,Київська область,1,1,0,0
2025-01-27 00:00:00+00:00,Одеська область,1,1,0,0
2025-01-27 00:00:00+00:00,Полтавська область,1,1,0,0
2025-01-27 00:00:00+00:00,Сумська область,1,1,0,0
2025-01-27 00:00:00+00:00,Харківська область,1,1,0,0
2025-01-27 00:00:00+00:00,Черкаська область,1,1,0,0
2025-01-27 00:00:00+00:00,Чернігівська область,1,1,0,0
2025-01-28 00:00:00+00:00,Київська область,1,1,0,0
2025-01-28 00:00:00+00:00,Миколаївська область,1,1,0,0
2025-01-28 00:00:00+00:00,Одеська область,1,1,0,0
2025-01-28 00:00:00+00:00,Сумська область,1,1,0,0
2025-01-28 00:00:00+00:00,Харківська область,1,1,0,0
2025-01-29 00:00:00+00:00,Одеська область,1,1,0,0
2025-01-29 00:00:00+00:00,Полтавська область,1,1,0,0
2025-01-29 00:00:00+00:00,Сумська область,1,1,0,0
2025-01-29 00:00:00+00:00,Чернігівська область,1,1,0,0
2025-01-30 00:00:00+00:00,Одеська область,1,1,0,0
2025-01-30 00:00:00+00:00,Сумська область,1,1,0,0
2025-01-30 00:00:00+00:00,Черкаська область,1,1,0,0
2025-01-31 00:00:00+00:00,Запорізька область,1,1,0,0
2025-01-31 00:00:00+00:00,Київська область,1,1,0,0
2025-01-31 00:00:00+00:00,Одеська область,1,1,0,0
2025-01-31 00:00:00+00:00,Полтавська область,1,1,0,0
2025-01-31 00:00:00+00:00,Сумська область,1,1,0,0
2025-01-31 00:00:00+00:00,Харківська область,1,1,0,0
2025-01-31 00:00:00+00:00,Хмельницька область,1,1,0,0
2025-02-01 00:00:00+00:00,Сумська область,1,1,0,0
2025-02-01 00:00:00+00:00,Харківська область,1,1,0,0
2025-02-02 00:00:00+00:00,Сумська область,1,1,0,0
2025-02-02 00:00:00+00:00,Харківська область,1,1,0,0
2025-02-02 00:00:00+00:00,Черкаська область,1,1,0,0
2025-02-03 00:00:00+00:00,Сумська область,1,1,0,0
2025-02-03 00:00:00+00:00,Черкаська область,1,1,0,0
2025-02-04 00:00:00+00:00,Донецька область,1,1,0,0
2025-02-04 00:00:00+00:00,Київська область,1,1,0,0
2025-02-04 00:00:00+00:00,Кіровоградська область,1,1,0,0
2025-02-04 00:00:00+00:00,Сумська область,1,1,0,0
2025-02-04 00:00:00+00:00,Харківська область,1,1,0,0
2025-02-05 00:00:00+00:00,Дніпропетровська область,1,1,0,0
2025-02-05 00:00:00+00:00,Харківська область,1,1,0,0
2025-02-05 00:00:00+00:00,Черкаська область,1,1,0,0
2025-02-06 00:00:00+00:00,Київська область,1,1,0,0
2025-02-06 00:00:00+00:00,Сумська область,1,1,0,0
2025-02-06 00:00:00+00:00,Хмельницька область,1,1,0,0
2025-02-07 00:00:00+00:00,Дніпропетровська область,1,1,0,0
2025-02-07 00:00:00+00:00,Київська область,1,1,0,0
2025-02-07 00:00:00+00:00,Полтавська область,1,1,0,0
2025-02-07 00:00:00+00:00,Сумська область,1,1,0,0
2025-02-08 00:00:00+00:00,Волинська область,1,1,0,0
2025-02-08 00:00:00+00:00,Дніпропетровська область,1,1,0,0
2025-02-08 00:00:00+00:00,Житомирська область,1,1,0,0
2025-02-08 00:00:00+00:00,Київська область,1,1,0,0
2025-02-08 00:00:00+00:00,Сумська область,1,1,0,0
2025-02-08 00:00:00+00:00,Харківська область,1,1,0,0
2025-02-09 00:00:00+00:00,Кіровоградська область,1,1,0,0
2025-02-09 00:00:00+00:00,Полтавська область,1,1,0,0
2025-02-09 00:00:00+00:00,Сумська область,1,1,0,0
2025-02-09 00:00:00+00:00,Харківська область,1,1,0,0
2025-02-11 00:00:00+00:00,Дніпропетровська область,1,1,0,0
2025-02-11 00:00:00+00:00,Київська область,1,1,0,0
2025-02-11 00:00:00+00:00,Полтавська область,2,2,0,0
2025-02-11 00:00:00+00:00,Сумська область,1,1,0,0
2025-02-11 00:00:00+00:00,Харківська область,1,1,0,0
2025-02-11 00:00:00+00:00,Черкаська область,1,1,0,0
2025-02-11 00:00:00+00:00,Чернігівська область,2,2,0,0
2025-02-12 00:00:00+00:00,Одеська область,1,1,0,0
2025-02-12 00:00:00+00:00,Харківська область,1,1,0,0
2025-02-13 00:00:00+00:00,Київська область,1,1,0,0
2025-02-13 00:00:00+00:00,Одеська область,1,1,0,0
2025-02-13 00:00:00+00:00,Сумська область,1,1,0,0
2025-02-13 00:00:00+00:00,Харківська область,1,1,0,0
2025-02-13 00:00:00+00:00,Чернігівська область,1,1,0,0
2025-02-15 00:00:00+00:00,Київська область,1,1,0,0
2025-02-15 00:00:00+00:00,Миколаївська область,1,1,0,0
2025-02-15 00:00:00+00:00,Одеська область,1,1,0,0
2025-02-15 00:00:00+00:00,Сумська область,1,1,0,0
2025-02-16 00:00:00+00:00,Запорізька область,1,1,0,0
2025-02-16 00:00:00+00:00,Київська область,1,1,0,0
2025-02-16 00:00:00+00:00,Полтавська область,1,1,0,0
2025-02-16 00:00:00+00:00,Харківська область,1,1,0,0
2025-02-17 00:00:00+00:00,Київська область,1,1,0,0
2025-02-17 00:00:00+00:00,Кіровоградська область,1,1,0,0
2025-02-17 00:00:00+00:00,Харківська область,1,1,0,0
2025-02-17 00:00:00+00:00,Черкаська область,1,1,0,0
2025-02-18 00:00:00+00:00,Запорізька область,1,1,0,0
2025-02-18 00:00:00+00:00,Київська область,1,1,0,0
2025-02-18 00:00:00+00:00,Одеська область,1,1,0,0
2025-02-18 00:00:00+00:00,Сумська область,1,1,0,0
2025-02-18 00:00:00+00:00,Черкаська область,1,1,0,0
2025-02-20 00:00:00+00:00,Київська область,2,2,0,0
2025-02-20 00:00:00+00:00,Одеська область,2,2,0,0
2025-02-20 00:00:00+00:00,Полтавська область,1,1,0,0
2025-02-20 00:00:00+00:00,Сумська область,1,1,0,0
2025-02-20 00:00:00+00:00,Харківська область,2,2,0,0
2025-02-21 00:00:00+00:00,Дніпропетровська область,1,1,0,0
2025-02-21 00:00:00+00:00,Київська область,1,1,0,0
2025-02-21 00:00:00+00:00,Кіровоградська область,1,1,0,0
2025-02-21 00:00:00+00:00,Харківська область,1,1,0,0
2025-02-22 00:00:00+00:00,Дніпропетровська область,1,1,0,0
2025-02-22 00:00:00+00:00,Запорізька область,1,1,0,0
2025-02-22 00:00:00+00:00,Київська область,1,1,0,0
2025-02-22 00:00:00+00:00,Одеська область,1,1,0,0
2025-02-22 00:00:00+00:00,Полтавська область,1,1,0,0
2025-02-23 00:00:00+00:00,Дніпропетровська область,1,1,0,0
2025-02-23 00:00:00+00:00,Київська область,1,1,0,0
2025-02-23 00:00:00+00:00,Одеська область,1,1,0,0
2025-02-23 00:00:00+00:00,Хмельницька область,1,1,0,0
2025-02-24 00:00:00+00:00,Житомирська область,1,1,0,0
2025-02-24 00:00:00+00:00,Київська область,1,1,0,0
2025-02-25 00:00:00+00:00,Київська область,1,1,0,0
2025-02-25 00:00:00+00:00,Кіровоградська область,1,1,0,0
2025-02-25 00:00:00+00:00,Сумська область,1,1,0,0
2025-02-25 00:00:00+00:00,Харківська область,1,1,0,0
2025-02-26 00:00:00+00:00,Київська область,1,1,0,0
2025-02-26 00:00:00+00:00,Сумська область,1,1,0,0
2025-02-26 00:00:00+00:00,Чернігівська область,1,1,0,0
2025-02-27 00:00:00+00:00,Запорізька область,1,1,0,0
2025-02-27 00:00:00+00:00,Миколаївська область,1,1,0,0
2025-02-27 00:00:00+00:00,Сумська область,1,1,0,0
2025-02-27 00:00:00+00:00,Харківська область,1,1,0,0
2025-02-28 00:00:00+00:00,Київська область,1,1,0,0
2025-02-28 00:00:00+00:00,Одеська область,1,1,0,0
2025-02-28 00:00:00+00:00,Сумська область,1,1,0,0
2025-02-28 00:00:00+00:00,Харківська область,1,1,0,0
2025-02-28 00:00:00+00:00,Черкаська область,1,1,0,0
2025-02-28 00:00:00+00:00,Чернігівська область,1,1,0,0
2025-03-01 00:00:00+00:00,Запорізька область,1,1,0,0
2025-03-01 00:00:00+00:00,Сумська область,1,1,0,0
2025-03-01 00:00:00+00:00,Харківська область,1,1,0,0
2025-03-01 00:00:00+00:00,Хмельницька область,1,1,0,0
2025-03-02 00:00:00+00:00,Дніпропетровська область,1,1,0,0
2025-03-02 00:00:00+00:00,Запорізька область,1,1,0,0
2025-03-02 00:00:00+00:00,Київська область,1,1,0,0
2025-03-02 00:00:00+00:00,Сумська область,1,1,0,0
2025-03-02 00:00:00+00:00,Харківська область,1,1,0,0
2025-03-02 00:00:00+00:00,Черкаська область,1,1,0,0
2025-03-03 00:00:00+00:00,Донецька область,1,1,0,0
2025-03-03 00:00:00+00:00,Одеська область,1,1,0,0
2025-03-03 00:00:00+00:00,Сумська область,1,1,0,0
2025-03-04 00:00:00+00:00,Дніпропетровська область,1,1,0,0
2025-03-04 00:00:00+00:00,Київська область,1,1,0,0
2025-03-04 00:00:00+00:00,Одеська область,1,1,0,0
2025-03-04 00:00:00+00:00,Харківська область,1,1,0,0
2025-03-05 00:00:00+00:00,Дніпропетровська область,1,1,0,0
2025-03-05 00:00:00+00:00,Одеська область,1,1,0,0
2025-03-05 00:00:00+00:00,Сумська область,1,1,0,0
2025-03-05 00:00:00+00:00,Харківська область,1,1,0,0
2025-03-06 00:00:00+00:00,Івано-Франківська область,1,1,0,0
2025-03-06 00:00:00+00:00,Одеська область,1,1,0,0
2025-03-06 00:00:00+00:00,Полтавська область,1,1,0,0
2025-03-06 00:00:00+00:00,Тернопільська область,1,1,0,0
2025-03-07 00:00:00+00:00,Донецька область,1,1,0,0
2025-03-07 00:00:00+00:00,Одеська область,1,1,0,0
2025-03-07 00:00:00+00:00,Полтавська область,1,1,0,0
2025-03-07 00:00:00+00:00,Сумська область,1,1,0,0
2025-03-07 00:00:00+00:00,Харківська область,1,1,0,0
2025-03-08 00:00:00+00:00,Донецька область,1,1,0,0
2025-03-08 00:00:00+00:00,Запорізька область,1,1,0,0
2025-03-08 00:00:00+00:00,Полтавська область,1,1,0,0
2025-03-08 00:00:00+00:00,Сумська область,1,1,0,0
2025-03-08 00:00:00+00:00,Харківська область,1,1,0,0
2025-03-08 00:00:00+00:00,Черкаська область,1,1,0,0
2025-03-09 00:00:00+00:00,Київська область,1,1,0,0
2025-03-09 00:00:00+00:00,Полтавська область,1,1,0,0
2025-03-09 00:00:00+00:00,Харківська область,1,1,0,0
2025-03-10 00:00:00+00:00,Донецька область,1,1,0,0
2025-03-10 00:00:00+00:00,Київська область,1,1,0,0
2025-03-10 00:00:00+00:00,Одеська область,1,1,0,0
2025-03-10 00:00:00+00:00,Сумська область,1,1,0,0
2025-03-10 00:00:00+00:00,Харківська область,1,1,0,0
2025-03-11 00:00:00+00:00,Дніпропетровська область,1,1,0,0
2025-03-11 00:00:00+00:00,Київська область,1,1,0,0
2025-03-11 00:00:00+00:00,Одеська область,1,1,0,0
2025-03-11 00:00:00+00:00,Сумська область,1,1,0,0
2025-03-11 00:00:00+00:00,Харківська область,1,1,0,0
2025-03-12 00:00:00+00:00,Дніпропетровська область,1,1,0,0
2025-03-12 00:00:00+00:00,Запорізька область,1,1,0,0
2025-03-12 00:00:00+00:00,Київська область,1,1,0,0
2025-03-12 00:00:00+00:00,Одеська область,1,1,0,0
2025-03-12 00:00:00+00:00,Сумська область,1,1,0,0
2025-03-12 00:00:00+00:00,Харківська область,1,1,0,0
2025-03-12 00:00:00+00:00,Чернігівська область,1,1,0,0
2025-03-13 00:00:00+00:00,Донецька область,1,1,0,0
2025-03-13 00:00:00+00:00,Харківська область,1,1,0,0
2025-03-14 00:00:00+00:00,Дніпропетровська область,1,1,0,0
2025-03-14 00:00:00+00:00,Київська область,1,1,0,0
2025-03-14 00:00:00+00:00,Одеська область,1,1,0,0
2025-03-14 00:00:00+00:00,Сумська область,1,1,0,0
2025-03-14 00:00:00+00:00,Харківська область,1,1,0,0
2025-03-14 00:00:00+00:00,Чернігівська область,1,1,0,0
2025-03-15 00:00:00+00:00,Київська область,1,1,0,0
2025-03-15 00:00:00+00:00,Одеська область,1,1,0,0
2025-03-15 00:00:00+00:00,Харківська область,1,1,0,0
2025-03-15 00:00:00+00:00,Чернігівська область,1,1,0,0
2025-03-16 00:00:00+00:00,Дніпропетровська область,1,1,0,0
2025-03-16 00:00:00+00:00,Київська область,1,1,0,0
2025-03-16 00:00:00+00:00,Кіровоградська область,1,1,0,0
2025-03-16 00:00:00+00:00,Одеська область,1,1,0,0
2025-03-16 00:00:00+00:00,Сумська область,1,1,0,0
2025-03-16 00:00:00+00:00,Харківська область,1,1,0,0
2025-03-16 00:00:00+00:00,Чернігівська область,1,1,0,0
2025-03-17 00:00:00+00:00,Дніпропетровська область,1,1,0,0
2025-03-17 00:00:00+00:00,Полтавська область,1,1,0,0
2025-03-17 00:00:00+00:00,Сумська область,1,1,0,0
2025-03-17 00:00:00+00:00,Харківська область,1,1,0,0
2025-03-17 00:00:00+00:00,Черкаська область,1,1,0,0
2025-03-18 00:00:00+00:00,Дніпропетровська область,1,1,0,0
2025-03-18 00:00:00+00:00,Київська область,1,1,0,0
2025-03-18 00:00:00+00:00,Одеська область,1,1,0,0
2025-03-18 00:00:00+00:00,Полтавська область,1,1,0,0
2025-03-18 00:00:00+00:00,Сумська область,1,1,0,0
2025-03-18 00:00:00+00:00,Чернігівська область,1,1,0,0
2025-03-19 00:00:00+00:00,Донецька область,1,1,0,0
2025-03-19 00:00:00+00:00,Кіровоградська область,1,1,0,0
2025-03-19 00:00:00+00:00,Сумська область,1,1,0,0
2025-03-20 00:00:00+00:00,Київська область,1,1,0,0
2025-03-20 00:00:00+00:00,Одеська область,1,1,0,0
2025-03-20 00:00:00+00:00,Сумська область,1,1,0,0
2025-03-20 00:00:00+00:00,Хмельницька область,1,1,0,0
2025-03-21 00:00:00+00:00,Запорізька область,1,1,0,0
2025-03-21 00:00:00+00:00,Київська область,1,1,0,0
2025-03-21 00:00:00+00:00,Сумська область,1,1,0,0
2025-03-21 00:00:00+00:00,Харківська область,1,1,0,0
2025-03-22 00:00:00+00:00,Донецька область,1,1,0,0
2025-03-22 00:00:00+00:00,Київська область,1,1,0,0
2025-03-22 00:00:00+00:00,Одеська область,1,1,0,0
2025-03-22 00:00:00+00:00,Сумська область,1,1,0,0
2025-03-22 00:00:00+00:00,Харківська область,1,1,0,0
2025-03-22 00:00:00+00:00,Чернігівська область,1,1,0,0
2025-03-23 00:00:00+00:00,Запорізька область,1,1,0,0
2025-03-23 00:00:00+00:00,Київська область,1,1,0,0
2025-03-23 00:00:00+00:00,Кіровоградська область,1,1,0,0
2025-03-23 00:00:00+00:00,Сумська область,1,1,0,0
2025-03-23 00:00:00+00:00,Харківська область,1,1,0,0
2025-03-24 00:00:00+00:00,Київська область,1,1,0,0
2025-03-24 00:00:00+00:00,Кіровоградська область,1,1,0,0
2025-03-24 00:00:00+00:00,Одеська область,1,1,0,0
2025-03-24 00:00:00+00:00,Полтавська область,1,1,0,0
2025-03-24 00:00:00+00:00,Сумська область,1,1,0,0
2025-03-24 00:00:00+00:00,Харківська область,1,1,0,0
2025-03-24 00:00:00+00:00,Черкаська область,1,1,0,0
2025-03-25 00:00:00+00:00,Дніпропетровська область,1,1,0,0
2025-03-25 00:00:00+00:00,Кіровоградська область,1,1,0,0
2025-03-25 00:00:00+00:00,Сумська область,1,1,0,0
2025-03-25 00:00:00+00:00,Черкаська область,1,1,0,0
2025-03-26 00:00:00+00:00,Дніпропетровська область,1,1,0,0
2025-03-26 00:00:00+00:00,Сумська область,1,1,0,0
2025-03-26 00:00:00+00:00,Харківська область,1,1,0,0
2025-03-26 00:00:00+00:00,Чернігівська область,1,1,0,0
2025-03-27 00:00:00+00:00,Дніпропетровська область,1,1,0,0
2025-03-27 00:00:00+00:00,Запорізька область,1,1,0,0
2025-03-27 00:00:00+00:00,Миколаївська область,1,1,0,0
2025-03-27 00:00:00+00:00,Одеська область,1,1,0,0
2025-03-27 00:00:00+00:00,Полтавська область,1,1,0,0
2025-03-27 00:00:00+00:00,Сумська область,1,1,0,0
2025-03-27 00:00:00+00:00,Харківська область,1,1,0,0
2025-03-28 00:00:00+00:00,Дніпропетровська область,1,1,0,0
2025-03-28 00:00:00+00:00,Сумська область,1,1,0,0
2025-03-28 00:00:00+00:00,Харківська область,1,1,0,0
2025-03-29 00:00:00+00:00,Донецька область,1,1,0,0
2025-03-29 00:00:00+00:00,Одеська область,1,1,0,0
2025-03-29 00:00:00+00:00,Сумська область,1,1,0,0
2025-03-29 00:00:00+00:00,Харківська область,1,1,0,0
2025-03-30 00:00:00+00:00,Донецька область,1,1,0,0
2025-03-30 00:00:00+00:00,Київська область,1,1,0,0
2025-03-30 00:00:00+00:00,Одеська область,1,1,0,0
2025-03-30 00:00:00+00:00,Сумська область,1,1,0,0
2025-03-30 00:00:00+00:00,Харківська область,1,1,0,0
2025-04-01 00:00:00+00:00,Донецька область,1,1,0,0
2025-04-01 00:00:00+00:00,Одеська область,1,1,0,0
2025-04-01 00:00:00+00:00,Харківська область,1,1,0,0
2025-04-02 00:00:00+00:00,Дніпропетровська область,1,1,0,0
2025-04-02 00:00:00+00:00,Донецька область,1,1,0,0
2025-04-02 00:00:00+00:00,Харківська область,1,1,0,0
2025-04-03 00:00:00+00:00,Дніпропетровська область,1,1,0,0
2025-04-03 00:00:00+00:00,Запорізька область,1,1,0,0
2025-04-03 00:00:00+00:00,Київська область,1,1,0,0
2025-04-03 00:00:00+00:00,Харківська область,1,1,0,0
2025-04-04 00:00:00+00:00,Дніпропетровська область,1,1,0,0
2025-04-04 00:00:00+00:00,Житомирська область,1,1,0,0
2025-04-04 00:00:00+00:00,Київська область,1,1,0,0
2025-04-04 00:00:00+00:00,Сумська область,1,1,0,0
2025-04-05 00:00:00+00:00,Київська область,1,1,0,0
2025-04-05 00:00:00+00:00,Миколаївська область,1,1,0,0
2025-04-05 00:00:00+00:00,Сумська область,1,1,0,0
2025-04-05 00:00:00+00:00,Харківська область,1,1,0,0
2025-04-05 00:00:00+00:00,Хмельницька область,1,1,0,0
2025-04-05 00:00:00+00:00,Черкаська область,1,1,0,0
2025-04-07 00:00:00+00:00,Дніпропетровська область,1,1,0,0
2025-04-07 00:00:00+00:00,Донецька область,1,1,0,0
2025-04-07 00:00:00+00:00,Харківська область,1,1,0,0
2025-04-08 00:00:00+00:00,Дніпропетровська область,1,1,0,0
2025-04-08 00:00:00+00:00,Харківська область,1,1,0,0
2025-04-09 00:00:00+00:00,Донецька область,1,1,0,0
2025-04-09 00:00:00+00:00,Київська область,1,1,0,0
2025-04-09 00:00:00+00:00,Миколаївська область,1,1,0,0
2025-04-09 00:00:00+00:00,Полтавська область,1,1,0,0
2025-04-09 00:00:00+00:00,Харківська область,1,1,0,0
2025-04-09 00:00:00+00:00,Хмельницька область,1,1,0,0
2025-04-10 00:00:00+00:00,Дніпропетровська область,1,1,0,0
2025-04-10 00:00:00+00:00,Донецька область,1,1,0,0
2025-04-10 00:00:00+00:00,Житомирська область,1,1,0,0
2025-04-11 00:00:00+00:00,Дніпропетровська область,1,1,0,0
2025-04-11 00:00:00+00:00,Донецька область,1,1,0,0
2025-04-11 00:00:00+00:00,Київська область,1,1,0,0
2025-04-11 00:00:00+00:00,Одеська область,1,1,0,0
2025-04-11 00:00:00+00:00,Харківська область,1,1,0,0
2025-04-13 00:00:00+00:00,Дніпропетровська область,1,1,0,0
2025-04-13 00:00:00+00:00,Донецька область,1,1,0,0
2025-04-13 00:00:00+00:00,Одеська область,1,1,0,0
2025-04-13 00:00:00+00:00,Харківська область,1,1,0,0
2025-04-14 00:00:00+00:00,Донецька область,1,1,0,0
2025-04-14 00:00:00+00:00,Сумська область,1,1,0,0
2025-04-15 00:00:00+00:00,Дніпропетровська область,1,1,0,0
2025-04-15 00:00:00+00:00,Київська область,1,1,0,0
2025-04-15 00:00:00+00:00,Одеська область,1,1,0,0
2025-04-15 00:00:00+00:00,Полтавська область,1,1,0,0
2025-04-15 00:00:00+00:00,Сумська область,1,1,0,0
2025-04-16 00:00:00+00:00,Дніпропетровська область,1,1,0,0
2025-04-16 00:00:00+00:00,Донецька область,1,1,0,0
2025-04-16 00:00:00+00:00,Сумська область,1,1,0,0
2025-04-16 00:00:00+00:00,Харківська область,1,1,0,0
2025-04-17 00:00:00+00:00,Дніпропетровська область,1,1,0,0
2025-04-17 00:00:00+00:00,Київська область,1,1,0,0
2025-04-17 00:00:00+00:00,Миколаївська область,1,1,0,0
2025-04-17 00:00:00+00:00,Сумська область,1,1,0,0
2025-04-17 00:00:00+00:00,Харківська область,1,1,0,0
2025-04-18 00:00:00+00:00,Донецька область,1,1,0,0
2025-04-18 00:00:00+00:00,Запорізька область,1,1,0,0
2025-04-18 00:00:00+00:00,Одеська область,1,1,0,0
2025-04-18 00:00:00+00:00,Сумська область,1,1,0,0
2025-04-18 00:00:00+00:00,Харківська область,1,1,0,0
2025-04-21 00:00:00+00:00,Дніпропетровська область,1,1,0,0
2025-04-21 00:00:00+00:00,Київська область,1,1,0,0
2025-04-21 00:00:00+00:00,Одеська область,1,1,0,0
2025-04-21 00:00:00+00:00,Харківська область,1,1,0,0
2025-04-21 00:00:00+00:00,Черкаська область,1,1,0,0
2025-04-22 00:00:00+00:00,Дніпропетровська область,1,1,0,0
2025-04-22 00:00:00+00:00,Донецька область,1,1,0,0
2025-04-22 00:00:00+00:00,Запорізька область,2,2,0,0
2025-04-22 00:00:00+00:00,Одеська область,1,1,0,0
2025-04-22 00:00:00+00:00,Полтавська область,1,1,0,0
2025-04-22 00:00:00+00:00,Харківська область,2,2,0,0
2025-04-22 00:00:00+00:00,Черкаська область,1,1,0,0
2025-04-23 00:00:00+00:00,Дніпропетровська область,1,1,0,0
2025-04-23 00:00:00+00:00,Житомирська область,1,1,0,0
2025-04-23 00:00:00+00:00,Запорізька область,1,1,0,0
2025-04-23 00:00:00+00:00,Київська область,1,1,0,0
2025-04-23 00:00:00+00:00,Харківська область,1,1,0,0
2025-04-23 00:00:00+00:00,Хмельницька область,1,1,0,0
2025-04-24 00:00:00+00:00,Дніпропетровська область,1,1,0,0
2025-04-24 00:00:00+00:00,Донецька область,1,1,0,0
2025-04-24 00:00:00+00:00,Сумська область,1,1,0,0
2025-04-24 00:00:00+00:00,Харківська область,1,1,0,0
2025-04-24 00:00:00+00:00,Черкаська область,1,1,0,0
2025-04-25 00:00:00+00:00,Дніпропетровська область,1,1,0,0
2025-04-25 00:00:00+00:00,Київська область,1,1,0,0
2025-04-25 00:00:00+00:00,Кіровоградська область,1,1,0,0
2025-04-25 00:00:00+00:00,Харківська область,1,1,0,0
2025-04-26 00:00:00+00:00,Дніпропетровська область,1,1,0,0
2025-04-26 00:00:00+00:00,Донецька область,1,1,0,0
2025-04-26 00:00:00+00:00,Житомирська область,1,1,0,0
2025-04-26 00:00:00+00:00,Одеська область,1,1,0,0
2025-04-26 00:00:00+00:00,Сумська область,1,1,0,0
2025-04-26 00:00:00+00:00,Черкаська область,1,1,0,0
2025-04-27 00:00:00+00:00,Донецька область,1,1,0,0
2025-04-27 00:00:00+00:00,Сумська область,1,1,0,0
2025-04-27 00:00:00+00:00,Харківська область,1,1,0,0
2025-04-27 00:00:00+00:00,Черкаська область,1,1,0,0
2025-04-28 00:00:00+00:00,Дніпропетровська область,1,1,0,0
2025-04-28 00:00:00+00:00,Донецька область,1,1,0,0
2025-04-28 00:00:00+00:00,Київська область,1,1,0,0
2025-04-28 00:00:00+00:00,Харківська область,1,1,0,0
2025-04-29 00:00:00+00:00,Дніпропетровська область,1,1,0,0
2025-04-29 00:00:00+00:00,Харківська область,1,1,0,0
2025-04-30 00:00:00+00:00,Донецька область,1,1,0,0
2025-04-30 00:00:00+00:00,Київська область,1,1,0,0
2025-04-30 00:00:00+00:00,Одеська область,1,1,0,0
2025-04-30 00:00:00+00:00,Сумська область,1,1,0,0
2025-04-30 00:00:00+00:00,Харківська область,1,1,0,0
2025-05-01 00:00:00+00:00,Дніпропетровська область,1,1,0,0
2025-05-01 00:00:00+00:00,Донецька область,1,1,0,0
2025-05-01 00:00:00+00:00,Запорізька область,1,1,0,0
2025-05-02 00:00:00+00:00,Дніпропетровська область,1,1,0,0
2025-05-02 00:00:00+00:00,Миколаївська область,1,1,0,0
2025-05-02 00:00:00+00:00,Сумська область,1,1,0,0
2025-05-02 00:00:00+00:00,Харківська область,1,1,0,0
2025-05-03 00:00:00+00:00,Дніпропетровська область,1,1,0,0
2025-05-03 00:00:00+00:00,Донецька область,1,1,0,0
2025-05-03 00:00:00+00:00,Київська область,1,1,0,0
2025-05-03 00:00:00+00:00,Харківська область,1,1,0,0
2025-05-03 00:00:00+00:00,Черкаська область,1,1,0,0
2025-05-04 00:00:00+00:00,Донецька область,1,1,0,0
2025-05-04 00:00:00+00:00,Сумська область,1,1,0,0
2025-05-05 00:00:00+00:00,Дніпропетровська область,1,1,0,0
2025-05-05 00:00:00+00:00,Одеська область,1,1,0,0
2025-05-05 00:00:00+00:00,Харківська область,1,1,0,0
2025-05-06 00:00:00+00:00,Донецька область,1,1,0,0
2025-05-06 00:00:00+00:00,Житомирська область,1,1,0,0
2025-05-06 00:00:00+00:00,Запорізька область,1,1,0,0
2025-05-06 00:00:00+00:00,Київська область,1,1,0,0
2025-05-06 00:00:00+00:00,Сумська область,1,1,0,0
2025-05-07 00:00:00+00:00,Черкаська область,1,1,0,0
2025-05-11 00:00:00+00:00,Донецька область,1,1,0,0
2025-05-11 00:00:00+00:00,Житомирська область,1,1,0,0
2025-05-11 00:00:00+00:00,Миколаївська область,1,1,0,0
2025-05-11 00:00:00+00:00,Одеська область,1,1,0,0
2025-05-11 00:00:00+00:00,Сумська область,1,1,0,0
2025-05-13 00:00:00+00:00,Донецька область,1,1,0,0
2025-05-13 00:00:00+00:00,Кіровоградська область,1,1,0,0
2025-05-13 00:00:00+00:00,Одеська область,1,1,0,0
2025-05-13 00:00:00+00:00,Сумська область,1,1,0,0
2025-05-13 00:00:00+00:00,Харківська область,1,1,0,0
2025-05-15 00:00:00+00:00,Івано-Франківська область,1,1,0,0
2025-05-15 00:00:00+00:00,Дніпропетровська область,1,1,0,0
2025-05-15 00:00:00+00:00,Київська область,1,1,0,0
2025-05-15 00:00:00+00:00,Полтавська область,1,1,0,0
2025-05-15 00:00:00+00:00,Сумська область,1,1,0,0
2025-05-16 00:00:00+00:00,Дніпропетровська область,1,1,0,0
2025-05-16 00:00:00+00:00,Донецька область,1,1,0,0
2025-05-16 00:00:00+00:00,Житомирська область,1,1,0,0
2025-05-16 00:00:00+00:00,Київська область,1,1,0,0
2025-05-16 00:00:00+00:00,Миколаївська область,1,1,0,0
2025-05-16 00:00:00+00:00,Одеська область,2,2,0,0
2025-05-16 00:00:00+00:00,Сумська область,1,1,0,0
2025-05-16 00:00:00+00:00,Харківська область,1,1,0,0
2025-05-16 00:00:00+00:00,Чернігівська область,1,1,0,0
2025-05-17 00:00:00+00:00,Дніпропетровська область,1,1,0,0
2025-05-17 00:00:00+00:00,Донецька область,1,1,0,0
2025-05-17 00:00:00+00:00,Київська область,1,1,0,0
2025-05-18 00:00:00+00:00,Донецька область,1,1,0,0
2025-05-18 00:00:00+00:00,Кіровоградська область,1,1,0,0
2025-05-18 00:00:00+00:00,Сумська область,1,1,0,0
2025-05-18 00:00:00+00:00,Харківська область,1,1,0,0
2025-05-18 00:00:00+00:00,Черкаська область,1,1,0,0
2025-05-19 00:00:00+00:00,Дніпропетровська область,1,1,0,0
2025-05-19 00:00:00+00:00,Донецька область,1,1,0,0
2025-05-19 00:00:00+00:00,Житомирська область,1,1,0,0
2025-05-19 00:00:00+00:00,Сумська область,1,1,0,0
2025-05-21 00:00:00+00:00,Сумська область,1,1,0,0
2025-05-21 00:00:00+00:00,Харківська область,1,1,0,0
2025-05-22 00:00:00+00:00,Івано-Франківська область,1,1,0,0
2025-05-22 00:00:00+00:00,Дніпропетровська область,2,2,0,0
2025-05-22 00:00:00+00:00,Донецька область,2,2,0,0
2025-05-22 00:00:00+00:00,Житомирська область,1,1,0,0
2025-05-22 00:00:00+00:00,Київська область,1,1,0,0
2025-05-22 00:00:00+00:00,Миколаївська область,1,1,0,0
2025-05-22 00:00:00+00:00,Одеська область,1,1,0,0
2025-05-22 00:00:00+00:00,Сумська область,1,1,0,0
2025-05-22 00:00:00+00:00,Харківська область,2,2,0,0
2025-05-22 00:00:00+00:00,Чернівецька область,1,1,0,0
2025-05-23 00:00:00+00:00,Дніпропетровська область,2,1,1,0
2025-05-23 00:00:00+00:00,Донецька область,1,1,0,0
2025-05-23 00:00:00+00:00,Запорізька область,2,1,1,0
2025-05-23 00:00:00+00:00,Київ,1,0,1,0
2025-05-23 00:00:00+00:00,Київська область,1,1,0,0
2025-05-23 00:00:00+00:00,Одеська область,2,1,1,0
2025-05-23 00:00:00+00:00,Харківська область,1,1,0,0
2025-05-28 00:00:00+00:00,Донецька область,1,1,0,0
2025-05-28 00:00:00+00:00,Сумська область,1,1,0,0
2025-05-28 00:00:00+00:00,Харківська область,1,1,0,0
2025-05-29 00:00:00+00:00,Донецька область,1,1,0,0
2025-05-29 00:00:00+00:00,Одеська область,1,1,0,0
2025-05-29 00:00:00+00:00,Харківська область,1,1,0,0
2025-05-30 00:00:00+00:00,Донецька область,1,1,0,0
2025-05-30 00:00:00+00:00,Сумська область,1,1,0,0
2025-05-30 00:00:00+00:00,Харківська область,1,1,0,0
2025-05-31 00:00:00+00:00,Дніпропетровська область,1,1,0,0
2025-05-31 00:00:00+00:00,Донецька область,1,1,0,0
2025-05-31 00:00:00+00:00,Житомирська область,1,1,0,0
2025-05-31 00:00:00+00:00,Запорізька область,1,1,0,0
2025-05-31 00:00:00+00:00,Одеська область,1,1,0,0
2025-05-31 00:00:00+00:00,Сумська область,1,1,0,0
2025-05-31 00:00:00+00:00,Харківська область,1,1,0,0
2025-06-01 00:00:00+00:00,Донецька область,1,1,0,0
2025-06-01 00:00:00+00:00,Харківська область,1,1,0,0
2025-06-01 00:00:00+00:00,Херсонська область,1,1,0,0
2025-06-01 00:00:00+00:00,Чернігівська область,1,1,0,0
2025-06-02 00:00:00+00:00,Донецька область,1,1,0,0
2025-06-02 00:00:00+00:00,Одеська область,1,1,0,0
2025-06-02 00:00:00+00:00,Полтавська область,1,1,0,0
2025-06-02 00:00:00+00:00,Сумська область,1,1,0,0
2025-06-02 00:00:00+00:00,Харківська область,1,1,0,0
2025-06-02 00:00:00+00:00,Чернігівська область,1,1,0,0
2025-06-03 00:00:00+00:00,Дніпропетровська область,1,1,0,0
2025-06-03 00:00:00+00:00,Донецька область,1,1,0,0
2025-06-03 00:00:00+00:00,Одеська область,1,1,0,0
2025-06-03 00:00:00+00:00,Сумська область,1,1,0,0
2025-06-03 00:00:00+00:00,Харківська область,1,1,0,0
2025-06-04 00:00:00+00:00,Одеська область,1,1,0,0
2025-06-04 00:00:00+00:00,Харківська область,1,1,0,0
2025-06-04 00:00:00+00:00,Чернігівська область,1,1,0,0
2025-06-05 00:00:00+00:00,Волинська область,1,1,0,0
2025-06-05 00:00:00+00:00,Київська область,1,1,0,0
2025-06-05 00:00:00+00:00,Львівська область,1,1,0,0
2025-06-05 00:00:00+00:00,Одеська область,1,1,0,0
2025-06-05 00:00:00+00:00,Полтавська область,1,1,0,0
2025-06-05 00:00:00+00:00,Рівненська область,1,1,0,0
2025-06-05 00:00:00+00:00,Тернопільська область,1,1,0,0
2025-06-05 00:00:00+00:00,Харківська область,1,1,0,0
2025-06-05 00:00:00+00:00,Хмельницька область,1,1,0,0
2025-06-05 00:00:00+00:00,Чернігівська область,1,1,0,0
2025-06-06 00:00:00+00:00,Харківська область,1,1,0,0
2025-06-07 00:00:00+00:00,Донецька область,1,1,0,0
2025-06-07 00:00:00+00:00,Харківська область,1,1,0,0
2025-06-09 00:00:00+00:00,Київ,1,1,0,0
2025-06-10 00:00:00+00:00,Донецька область,1,1,0,0
2025-06-10 00:00:00+00:00,Одеська область,1,1,0,0
2025-06-10 00:00:00+00:00,Харківська область,1,1,0,0
2025-06-11 00:00:00+00:00,Донецька область,1,1,0,0
2025-06-11 00:00:00+00:00,Одеська область,1,1,0,0
2025-06-11 00:00:00+00:00,Харківська область,1,1,0,0
2025-06-12 00:00:00+00:00,Дніпропетровська область,1,1,0,0
2025-06-12 00:00:00+00:00,Донецька область,1,1,0,0
2025-06-12 00:00:00+00:00,Харківська область,1,1,0,0
2025-06-13 00:00:00+00:00,Дніпропетровська область,1,1,0,0
2025-06-13 00:00:00+00:00,Донецька область,1,1,0,0
2025-06-13 00:00:00+00:00,Запорізька область,1,1,0,0
2025-06-13 00:00:00+00:00,Харківська область,1,1,0,0
2025-06-14 00:00:00+00:00,Полтавська область,1,1,0,0
2025-06-15 00:00:00+00:00,Донецька область,1,1,0,0
2025-06-16 00:00:00+00:00,Дніпропетровська область,1,1,0,0
2025-06-16 00:00:00+00:00,Київ,1,1,0,0
2025-06-16 00:00:00+00:00,Київська область,1,1,0,0
2025-06-16 00:00:00+00:00,Одеська область,1,1,0,0
2025-06-16 00:00:00+00:00,Полтавська область,1,1,0,0
2025-06-16 00:00:00+00:00,Сумська область,1,1,0,0
2025-06-16 00:00:00+00:00,Чернігівська область,1,1,0,0
2025-06-17 00:00:00+00:00,Дніпропетровська область,1,1,0,0
2025-06-17 00:00:00+00:00,Донецька область,1,1,0,0
2025-06-17 00:00:00+00:00,Запорізька область,1,1,0,0
2025-06-19 00:00:00+00:00,Одеська область,1,1,0,0
2025-06-19 00:00:00+00:00,Харківська область,1,1,0,0
2025-06-20 00:00:00+00:00,Полтавська область,1,1,0,0
2025-06-21 00:00:00+00:00,Одеська область,1,1,0,0
2025-06-21 00:00:00+00:00,Сумська область,1,1,0,0
2025-06-21 00:00:00+00:00,Чернігівська область,1,1,0,0
2025-06-22 00:00:00+00:00,Київ,1,1,0,0
2025-06-22 00:00:00+00:00,Київська область,1,1,0,0
2025-06-23 00:00:00+00:00,Дніпропетровська область,1,1,0,0
2025-06-23 00:00:00+00:00,Сумська область,1,1,0,0
2025-06-24 00:00:00+00:00,Одеська область,1,1,0,0
2025-06-24 00:00:00+00:00,Сумська область,1,1,0,0
2025-06-24 00:00:00+00:00,Харківська область,1,1,0,0
2025-06-25 00:00:00+00:00,Донецька область,1,1,0,0
2025-06-25 00:00:00+00:00,Харківська область,1,1,0,0
2025-06-26 00:00:00+00:00,Дніпропетровська область,1,1,0,0
2025-06-26 00:00:00+00:00,Київська область,1,1,0,0
2025-06-26 00:00:00+00:00,Хмельницька область,1,1,0,0
2025-06-27 00:00:00+00:00,Одеська область,1,1,0,0
2025-06-28 00:00:00+00:00,Дніпропетровська область,1,1,0,0
2025-06-28 00:00:00+00:00,Донецька область,1,1,0,0
2025-06-28 00:00:00+00:00,Львівська область,1,1,0,0
2025-06-28 00:00:00+00:00,Миколаївська область,1,1,0,0
2025-06-28 00:00:00+00:00,Полтавська область,1,1,0,0
2025-06-28 00:00:00+00:00,Харківська область,1,1,0,0
2025-06-29 00:00:00+00:00,Донецька область,1,1,0,0
2025-06-29 00:00:00+00:00,Харківська область,1,1,0,0
2025-07-02 00:00:00+00:00,Одеська область,1,1,0,0
2025-07-02 00:00:00+00:00,Полтавська область,1,1,0,0
2025-07-03 00:00:00+00:00,Київ,1,1,0,0
2025-07-03 00:00:00+00:00,Київська область,1,1,0,0
2025-07-04 00:00:00+00:00,Хмельницька область,1,1,0,0
2025-07-08 00:00:00+00:00,Волинська область,1,1,0,0
2025-07-09 00:00:00+00:00,Київ,1,1,0,0
2025-07-11 00:00:00+00:00,Волинська область,1,1,0,0
2025-07-11 00:00:00+00:00,Київська область,1,1,0,0
2025-07-11 00:00:00+00:00,Львівська область,1,1,0,0
2025-07-11 00:00:00+00:00,Харківська область,1,1,0,0
2025-07-11 00:00:00+00:00,Чернівецька область,1,1,0,0
2025-07-12 00:00:00+00:00,Дніпропетровська область,1,1,0,0
2025-07-12 00:00:00+00:00,Донецька область,1,1,0,0
2025-07-12 00:00:00+00:00,Сумська область,1,1,0,0
2025-07-15 00:00:00+00:00,Вінницька область,1,1,0,0
2025-07-15 00:00:00+00:00,Дніпропетровська область,1,1,0,0
2025-07-15 00:00:00+00:00,Харківська область,1,1,0,0
2025-07-16 00:00:00+00:00,Дніпропетровська область,1,1,0,0
2025-07-18 00:00:00+00:00,Дніпропетровська область,1,1,0,0
2025-07-18 00:00:00+00:00,Житомирська область,1,1,0,0
2025-07-18 00:00:00+00:00,Одеська область,1,1,0,0
2025-07-18 00:00:00+00:00,Сумська область,1,1,0,0
2025-07-19 00:00:00+00:00,Дніпропетровська область,1,1,0,0
2025-07-19 00:00:00+00:00,Донецька область,1,1,0,0
2025-07-19 00:00:00+00:00,Сумська область,1,1,0,0
2025-07-19 00:00:00+00:00,Харківська область,1,1,0,0
2025-07-20 00:00:00+00:00,Івано-Франківська область,1,1,0,0
2025-07-20 00:00:00+00:00,Київська область,1,1,0,0
2025-07-20 00:00:00+00:00,Львівська область,1,1,0,0
2025-07-20 00:00:00+00:00,Тернопільська область,1,1,0,0
2025-07-20 00:00:00+00:00,Харківська область,1,1,0,0
2025-07-20 00:00:00+00:00,Хмельницька область,1,1,0,0
2025-07-21 00:00:00+00:00,Одеська область,1,1,0,0
2025-07-21 00:00:00+00:00,Сумська область,1,1,0,0
2025-07-22 00:00:00+00:00,Дніпропетровська область,1,1,0,0
2025-07-22 00:00:00+00:00,Сумська область,1,1,0,0
2025-07-22 00:00:00+00:00,Харківська область,1,1,0,0
2025-07-22 00:00:00+00:00,Черкаська область,1,1,0,0
2025-07-23 00:00:00+00:00,Донецька область,1,1,0,0
2025-07-23 00:00:00+00:00,Запорізька область,1,1,0,0
2025-07-23 00:00:00+00:00,Миколаївська область,1,1,0,0
2025-07-23 00:00:00+00:00,Одеська область,1,1,0,0
2025-07-23 00:00:00+00:00,Сумська область,1,1,0,0
2025-07-23 00:00:00+00:00,Харківська область,1,1,0,0
2025-07-23 00:00:00+00:00,Черкаська область,1,1,0,0
2025-07-25 00:00:00+00:00,Дніпропетровська область,1,1,0,0
2025-07-25 00:00:00+00:00,Харківська область,1,1,0,0
2025-07-27 00:00:00+00:00,Хмельницька область,1,1,0,0
2025-07-28 00:00:00+00:00,Дніпропетровська область,1,1,0,0
2025-07-28 00:00:00+00:00,Одеська область,1,1,0,0
2025-07-29 00:00:00+00:00,Дніпропетровська область,1,1,0,0
2025-07-29 00:00:00+00:00,Харківська область,1,1,0,0
2025-07-30 00:00:00+00:00,Київ,1,1,0,0
2025-07-31 00:00:00+00:00,Дніпропетровська область,1,1,0,0
2025-07-31 00:00:00+00:00,Донецька область,1,1,0,0
2025-07-31 00:00:00+00:00,Київська область,1,1,0,0
2025-07-31 00:00:00+00:00,Харківська область,1,1,0,0
2025-08-03 00:00:00+00:00,Київська область,1,1,0,0
2025-08-03 00:00:00+00:00,Одеська область,1,1,0,0
2025-08-05 00:00:00+00:00,Одеська область,1,1,0,0
2025-08-06 00:00:00+00:00,Дніпропетровська область,1,1,0,0
2025-08-06 00:00:00+00:00,Сумська область,1,1,0,0
2025-08-07 00:00:00+00:00,Дніпропетровська область,1,1,0,0
2025-08-07 00:00:00+00:00,Київська область,1,1,0,0
2025-08-07 00:00:00+00:00,Одеська область,1,1,0,0
2025-08-07 00:00:00+00:00,Сумська область,1,1,0,0
2025-08-08 00:00:00+00:00,Дніпропетровська область,1,1,0,0
2025-08-08 00:00:00+00:00,Донецька область,1,1,0,0
2025-08-08 00:00:00+00:00,Сумська область,1,1,0,0
2025-08-08 00:00:00+00:00,Харківська область,1,1,0,0
2025-08-08 00:00:00+00:00,Чернігівська область,1,1,0,0
2025-08-09 00:00:00+00:00,Дніпропетровська область,1,1,0,0
2025-08-09 00:00:00+00:00,Сумська область,1,1,0,0
2025-08-09 00:00:00+00:00,Харківська область,1,1,0,0
2025-08-09 00:00:00+00:00,Чернігівська область,1,1,0,0
2025-08-11 00:00:00+00:00,Донецька область,1,1,0,0
2025-08-11 00:00:00+00:00,Сумська область,1,1,0,0
2025-08-11 00:00:00+00:00,Чернігівська область,1,1,0,0
2025-08-12 00:00:00+00:00,Донецька область,1,1,0,0
2025-08-12 00:00:00+00:00,Полтавська область,1,1,0,0
2025-08-12 00:00:00+00:00,Сумська область,1,1,0,0
2025-08-12 00:00:00+00:00,Чернігівська область,1,1,0,0
2025-08-13 00:00:00+00:00,Донецька область,1,1,0,0
2025-08-13 00:00:00+00:00,Сумська область,1,1,0,0
2025-08-13 00:00:00+00:00,Чернігівська область,1,1,0,0
2025-08-14 00:00:00+00:00,Донецька область,1,1,0,0
2025-08-14 00:00:00+00:00,Сумська область,1,1,0,0
2025-08-14 00:00:00+00:00,Харківська область,1,1,0,0
2025-08-14 00:00:00+00:00,Чернігівська область,1,1,0,0
2025-08-15 00:00:00+00:00,Дніпропетровська область,1,1,0,0
2025-08-15 00:00:00+00:00,Донецька область,1,1,0,0
2025-08-15 00:00:00+00:00,Сумська область,1,1,0,0
2025-08-15 00:00:00+00:00,Чернігівська область,1,1,0,0
2025-08-16 00:00:00+00:00,Дніпропетровська область,1,1,0,0
2025-08-16 00:00:00+00:00,Донецька область,1,1,0,0
2025-08-16 00:00:00+00:00,Харківська область,1,1,0,0
2025-08-17 00:00:00+00:00,Дніпропетровська область,1,1,0,0
2025-08-17 00:00:00+00:00,Донецька область,1,1,0,0
2025-08-17 00:00:00+00:00,Київська область,1,1,0,0
2025-08-17 00:00:00+00:00,Одеська область,1,1,0,0
2025-08-17 00:00:00+00:00,Сумська область,1,1,0,0
2025-08-17 00:00:00+00:00,Харківська область,1,1,0,0
2025-08-18 00:00:00+00:00,Донецька область,1,1,0,0
2025-08-18 00:00:00+00:00,Полтавська область,1,1,0,0
2025-08-19 00:00:00+00:00,Миколаївська область,1,1,0,0
2025-08-19 00:00:00+00:00,Одеська область,1,1,0,0
2025-08-19 00:00:00+00:00,Сумська область,1,1,0,0
2025-08-20 00:00:00+00:00,Волинська область,1,1,0,0
2025-08-20 00:00:00+00:00,Дніпропетровська область,1,1,0,0
2025-08-20 00:00:00+00:00,Донецька область,1,1,0,0
2025-08-20 00:00:00+00:00,Закарпатська область,1,1,0,0
2025-08-20 00:00:00+00:00,Запорізька область,1,1,0,0
2025-08-20 00:00:00+00:00,Львівська область,1,1,0,0
2025-08-20 00:00:00+00:00,Рівненська область,1,1,0,0
2025-08-20 00:00:00+00:00,Сумська область,1,1,0,0
2025-08-22 00:00:00+00:00,Дніпропетровська область,1,1,0,0
2025-08-22 00:00:00+00:00,Донецька область,1,1,0,0
2025-08-22 00:00:00+00:00,Сумська область,1,1,0,0
2025-08-24 00:00:00+00:00,Сумська область,1,1,0,0
2025-08-26 00:00:00+00:00,Полтавська область,1,1,0,0
2025-08-26 00:00:00+00:00,Сумська область,1,1,0,0
2025-08-27 00:00:00+00:00,Вінницька область,1,1,0,0
2025-08-27 00:00:00+00:00,Запорізька область,1,1,0,0
2025-08-27 00:00:00+00:00,Київська область,1,1,0,0
2025-08-27 00:00:00+00:00,Хмельницька область,1,1,0,0
2025-08-27 00:00:00+00:00,Чернігівська область,1,1,0,0
2025-08-28 00:00:00+00:00,Дніпропетровська область,1,1,0,0
2025-08-28 00:00:00+00:00,Донецька область,1,1,0,0
2025-08-29 00:00:00+00:00,Волинська область,1,1,0,0
2025-08-29 00:00:00+00:00,Дніпропетровська область,1,1,0,0
2025-08-29 00:00:00+00:00,Житомирська область,1,1,0,0
2025-08-29 00:00:00+00:00,Запорізька область,1,1,0,0
2025-08-29 00:00:00+00:00,Київська область,1,1,0,0
2025-08-29 00:00:00+00:00,Сумська область,1,1,0,0
2025-08-29 00:00:00+00:00,Хмельницька область,1,1,0,0
2025-08-29 00:00:00+00:00,Черкаська область,1,1,0,0
2025-08-30 00:00:00+00:00,Одеська область,1,1,0,0
2025-09-02 00:00:00+00:00,Івано-Франківська область,1,1,0,0
2025-09-02 00:00:00+00:00,Волинська область,1,1,0,0
2025-09-02 00:00:00+00:00,Донецька область,1,1,0,0
2025-09-02 00:00:00+00:00,Київська область,2,2,0,0
2025-09-02 00:00:00+00:00,Кіровоградська область,1,1,0,0
2025-09-02 00:00:00+00:00,Львівська область,1,1,0,0
2025-09-02 00:00:00+00:00,Одеська область,1,1,0,0
2025-09-02 00:00:00+00:00,Сумська область,1,1,0,0
2025-09-02 00:00:00+00:00,Хмельницька область,1,1,0,0
2025-09-04 00:00:00+00:00,Дніпропетровська область,1,1,0,0
2025-09-06 00:00:00+00:00,Дніпропетровська область,1,1,0,0
2025-09-06 00:00:00+00:00,Житомирська область,1,1,0,0
2025-09-06 00:00:00+00:00,Запорізька область,1,1,0,0
2025-09-06 00:00:00+00:00,Київська область,1,1,0,0
2025-09-06 00:00:00+00:00,Одеська область,1,1,0,0
2025-09-06 00:00:00+00:00,Полтавська область,1,1,0,0
2025-09-06 00:00:00+00:00,Сумська область,1,1,0,0
2025-09-06 00:00:00+00:00,Харківська область,1,1,0,0
2025-09-06 00:00:00+00:00,Хмельницька область,1,1,0,0
2025-09-08 00:00:00+00:00,Запорізька область,1,1,0,0
2025-09-09 00:00:00+00:00,Івано-Франківська область,1,1,0,0
2025-09-09 00:00:00+00:00,Волинська область,1,1,0,0
2025-09-09 00:00:00+00:00,Вінницька область,1,1,0,0
2025-09-09 00:00:00+00:00,Донецька область,1,1,0,0
2025-09-09 00:00:00+00:00,Житомирська область,1,1,0,0
2025-09-09 00:00:00+00:00,Львівська область,1,1,0,0
2025-09-09 00:00:00+00:00,Одеська область,1,1,0,0
2025-09-11 00:00:00+00:00,Сумська область,1,1,0,0
2025-09-18 00:00:00+00:00,Дніпропетровська область,1,1,0,0
2025-09-18 00:00:00+00:00,Донецька область,1,1,0,0
2025-09-18 00:00:00+00:00,Київська область,1,1,0,0
2025-09-19 00:00:00+00:00,Дніпропетровська область,1,1,0,0
2025-09-19 00:00:00+00:00,Донецька область,1,1,0,0
2025-09-19 00:00:00+00:00,Запорізька область,1,1,0,0
2025-09-19 00:00:00+00:00,Київська область,1,1,0,0
2025-09-19 00:00:00+00:00,Кіровоградська область,1,1,0,0
2025-09-19 00:00:00+00:00,Миколаївська область,1,1,0,0
2025-09-19 00:00:00+00:00,Одеська область,1,1,0,0
2025-09-19 00:00:00+00:00,Чернігівська область,1,1,0,0
2025-09-27 00:00:00+00:00,Донецька область,1,1,0,0
2025-09-27 00:00:00+00:00,Київ,1,1,0,0
2025-09-27 00:00:00+00:00,Київська область,1,1,0,0
2025-09-27 00:00:00+00:00,Одеська область,1,1,0,0
2025-09-27 00:00:00+00:00,Сумська область,1,1,0,0
2025-10-02 00:00:00+00:00,Дніпропетровська область,1,1,0,0
2025-10-02 00:00:00+00:00,Київська область,1,1,0,0
2025-10-02 00:00:00+00:00,Одеська область,1,1,0,0
2025-10-02 00:00:00+00:00,Полтавська область,1,1,0,0
2025-10-02 00:00:00+00:00,Сумська область,1,1,0,0
2025-10-02 00:00:00+00:00,Харківська область,1,1,0,0
2025-10-04 00:00:00+00:00,Івано-Франківська область,1,1,0,0
2025-10-04 00:00:00+00:00,Житомирська область,1,1,0,0
2025-10-04 00:00:00+00:00,Запорізька область,1,1,0,0
2025-10-04 00:00:00+00:00,Львівська область,1,1,0,0
2025-10-04 00:00:00+00:00,Одеська область,1,1,0,0
2025-10-04 00:00:00+00:00,Рівненська область,1,1,0,0
2025-10-04 00:00:00+00:00,Сумська область,1,1,0,0
2025-10-04 00:00:00+00:00,Харківська область,1,1,0,0
2025-10-04 00:00:00+00:00,Чернігівська область,1,1,0,0
2025-10-09 00:00:00+00:00,Дніпропетровська область,1,1,0,0
2025-10-09 00:00:00+00:00,Запорізька область,1,1,0,0
2025-10-09 00:00:00+00:00,Київська область,1,1,0,0
2025-10-09 00:00:00+00:00,Полтавська область,1,1,0,0
2025-10-09 00:00:00+00:00,Харківська область,1,1,0,0
2025-10-09 00:00:00+00:00,Черкаська область,1,1,0,0
2025-10-15 00:00:00+00:00,Дніпропетровська область,1,1,0,0
2025-10-15 00:00:00+00:00,Донецька область,1,1,0,0
2025-10-15 00:00:00+00:00,Полтавська область,1,1,0,0
2025-10-15 00:00:00+00:00,Харківська область,1,1,0,0
2025-10-21 00:00:00+00:00,Дніпропетровська область,1,1,0,0
2025-10-21 00:00:00+00:00,Донецька область,1,1,0,0
2025-10-21 00:00:00+00:00,Запорізька область,1,1,0,0
2025-10-21 00:00:00+00:00,Київська область,1,1,0,0
2025-10-21 00:00:00+00:00,Одеська область,1,1,0,0
2025-10-21 00:00:00+00:00,Полтавська область,1,1,0,0
2025-10-21 00:00:00+00:00,Сумська область,1,1,0,0
2025-10-21 00:00:00+00:00,Харківська область,1,1,0,0
2025-10-21 00:00:00+00:00,Черкаська область,1,1,0,0
2025-10-21 00:00:00+00:00,Чернігівська область,1,1,0,0
2025-10-29 00:00:00+00:00,Івано-Франківська область,1,1,0,0
2025-10-29 00:00:00+00:00,Вінницька область,1,1,0,0
2025-10-29 00:00:00+00:00,Дніпропетровська область,1,1,0,0
2025-10-29 00:00:00+00:00,Донецька область,1,1,0,0
2025-10-29 00:00:00+00:00,Запорізька область,1,1,0,0
2025-10-29 00:00:00+00:00,Київська область,1,1,0,0
2025-10-29 00:00:00+00:00,Кіровоградська область,1,1,0,0
2025-10-29 00:00:00+00:00,Львівська область,1,1,0,0
2025-10-29 00:00:00+00:00,Одеська область,1,1,0,0
2025-10-29 00:00:00+00:00,Полтавська область,1,1,0,0
2025-10-29 00:00:00+00:00,Сумська область,1,1,0,0
2025-10-29 00:00:00+00:00,Хмельницька область,1,1,0,0
2025-10-29 00:00:00+00:00,Чернігівська область,1,1,0,0
2025-11-07 00:00:00+00:00,Дніпропетровська область,1,1,0,0
2025-11-07 00:00:00+00:00,Донецька область,1,1,0,0
2025-11-07 00:00:00+00:00,Запорізька область,1,1,0,0
2025-11-07 00:00:00+00:00,Київська область,1,1,0,0
2025-11-07 00:00:00+00:00,Полтавська область,1,1,0,0
2025-11-07 00:00:00+00:00,Сумська область,1,1,0,0
2025-11-07 00:00:00+00:00,Харківська область,1,1,0,0
2025-11-07 00:00:00+00:00,Чернігівська область,1,1,0,0
2025-11-10 00:00:00+00:00,Дніпропетровська область,1,1,0,0
2025-11-10 00:00:00+00:00,Донецька область,1,1,0,0
2025-11-10 00:00:00+00:00,Одеська область,1,1,0,0
2025-11-10 00:00:00+00:00,Харківська область,1,1,0,0
2025-11-13 00:00:00+00:00,Київ,1,1,0,0
2025-11-13 00:00:00+00:00,Київська область,1,1,0,0
2025-11-13 00:00:00+00:00,Одеська область,1,1,0,0
2025-11-13 00:00:00+00:00,Полтавська область,1,1,0,0
2025-11-13 00:00:00+00:00,Харківська область,1,1,0,0
2025-11-13 00:00:00+00:00,Черкаська область,1,1,0,0
2025-11-18 00:00:00+00:00,Івано-Франківська область,1,1,0,0
2025-11-18 00:00:00+00:00,Вінницька область,1,1,0,0
2025-11-18 00:00:00+00:00,Дніпропетровська область,1,1,0,0
2025-11-18 00:00:00+00:00,Донецька область,1,1,0,0
2025-11-18 00:00:00+00:00,Львівська область,1,1,0,0
2025-11-18 00:00:00+00:00,Тернопільська область,1,1,0,0
2025-11-18 00:00:00+00:00,Харківська область,1,1,0,0
2025-11-20 00:00:00+00:00,Дніпропетровська область,1,1,0,0
2025-11-20 00:00:00+00:00,Одеська область,1,1,0,0
2025-11-20 00:00:00+00:00,Харківська область,1,1,0,0
2025-11-20 00:00:00+00:00,Чернігівська область,1,1,0,0
2025-11-23 00:00:00+00:00,Дніпропетровська область,1,1,0,0
2025-11-23 00:00:00+00:00,Харківська область,1,1,0,0
2025-11-23 00:00:00+00:00,Чернігівська область,1,1,0,0
2025-11-24 00:00:00+00:00,Київська область,1,1,0,0
2025-11-24 00:00:00+00:00,Одеська область,1,1,0,0
2025-11-24 00:00:00+00:00,Сумська область,1,1,0,0
2025-11-24 00:00:00+00:00,Харківська область,1,1,0,0
2025-11-28 00:00:00+00:00,Київська область,1,1,0,0
2025-12-02 00:00:00+00:00,Дніпропетровська область,1,1,0,0
2025-12-02 00:00:00+00:00,Запорізька область,1,1,0,0
2025-12-02 00:00:00+00:00,Одеська область,1,1,0,0
2025-12-02 00:00:00+00:00,Харківська область,1,1,0,0
2025-12-05 00:00:00+00:00,Івано-Франківська область,1,1,0,0
2025-12-05 00:00:00+00:00,Волинська область,1,1,0,0
2025-12-05 00:00:00+00:00,Дніпропетровська область,1,1,0,0
2025-12-05 00:00:00+00:00,Донецька область,1,1,0,0
2025-12-05 00:00:00+00:00,Київська область,1,1,0,0
2025-12-05 00:00:00+00:00,Львівська область,1,1,0,0
2025-12-05 00:00:00+00:00,Одеська область,1,1,0,0
2025-12-05 00:00:00+00:00,Чернігівська область,1,1,0,0
2025-12-10 00:00:00+00:00,Полтавська область,1,1,0,0
2025-12-12 00:00:00+00:00,Одеська область,1,1,0,0
2025-12-22 00:00:00+00:00,Донецька область,1,1,0,0
2025-12-22 00:00:00+00:00,Житомирська область,1,1,0,0
2025-12-22 00:00:00+00:00,Одеська область,1,1,0,0
2025-12-22 00:00:00+00:00,Рівненська область,1,1,0,0
2025-12-22 00:00:00+00:00,Хмельницька область,1,1,0,0
2025-12-23 00:00:00+00:00,Чернігівська область,1,1,0,0
2025-12-26 00:00:00+00:00,Київська область,1,1,0,0
2025-12-27 00:00:00+00:00,Київська область,1,1,0,0
2025-12-31 00:00:00+00:00,Волинська область,1,1,0,0
2025-12-31 00:00:00+00:00,Донецька область,1,1,0,0
2025-12-31 00:00:00+00:00,Запорізька область,1,1,0,0
2025-12-31 00:00:00+00:00,Київська область,1,1,0,0
2025-12-31 00:00:00+00:00,Одеська область,1,1,0,0
2025-12-31 00:00:00+00:00,Сумська область,1,1,0,0
2025-12-31 00:00:00+00:00,Харківська область,1,1,0,0
2026-01-01 00:00:00+00:00,Волинська область,1,1,0,0
2026-01-01 00:00:00+00:00,Донецька область,1,1,0,0
2026-01-01 00:00:00+00:00,Запорізька область,1,1,0,0
2026-01-01 00:00:00+00:00,Київська область,1,1,0,0
2026-01-01 00:00:00+00:00,Одеська область,1,1,0,0
2026-01-01 00:00:00+00:00,Сумська область,1,1,0,0
2026-01-01 00:00:00+00:00,Харківська область,1,1,0,0
2026-01-07 00:00:00+00:00,Дніпропетровська область,1,1,0,0
2026-01-08 00:00:00+00:00,Київська область,1,1,0,0
2026-01-12 00:00:00+00:00,Дніпропетровська область,1,1,0,0
2026-01-12 00:00:00+00:00,Донецька область,1,1,0,0
2026-01-12 00:00:00+00:00,Запорізька область,1,1,0,0
2026-01-12 00:00:00+00:00,Київська область,1,1,0,0
2026-01-12 00:00:00+00:00,Одеська область,1,1,0,0
2026-01-12 00:00:00+00:00,Харківська область,1,1,0,0
2026-01-12 00:00:00+00:00,Чернігівська область,1,1,0,0
2026-01-13 00:00:00+00:00,Дніпропетровська область,1,1,0,0
2026-01-13 00:00:00+00:00,Київська область,1,1,0,0
2026-01-13 00:00:00+00:00,Миколаївська область,1,1,0,0
2026-01-13 00:00:00+00:00,Чернігівська область,1,1,0,0
2026-01-14 00:00:00+00:00,Київська область,1,1,0,0
2026-01-14 00:00:00+00:00,Чернігівська область,1,1,0,0
2026-01-19 00:00:00+00:00,Дніпропетровська область,1,1,0,0
2026-01-19 00:00:00+00:00,Запорізька область,1,1,0,0
2026-01-19 00:00:00+00:00,Київська область,1,1,0,0
2026-01-19 00:00:00+00:00,Одеська область,1,1,0,0
2026-01-19 00:00:00+00:00,Рівненська область,1,1,0,0
2026-01-19 00:00:00+00:00,Харківська область,1,1,0,0
2026-01-23 00:00:00+00:00,Київська область,1,1,0,0
2026-01-23 00:00:00+00:00,Харківська область,1,1,0,0
2026-02-02 00:00:00+00:00,Вінницька область,1,1,0,0
2026-02-02 00:00:00+00:00,Дніпропетровська область,1,1,0,0
2026-02-02 00:00:00+00:00,Донецька область,1,1,0,0
2026-02-02 00:00:00+00:00,Запорізька область,1,1,0,0
2026-02-02 00:00:00+00:00,Київська область,1,1,0,0
2026-02-02 00:00:00+00:00,Одеська область,1,1,0,0
2026-02-02 00:00:00+00:00,Полтавська область,1,1,0,0
2026-02-02 00:00:00+00:00,Сумська область,1,1,0,0
2026-02-02 00:00:00+00:00,Харківська область,1,1,0,0
2026-02-02 00:00:00+00:00,Чернігівська область,1,1,0,0
2026-02-06 00:00:00+00:00,Івано-Франківська область,1,1,0,0
2026-02-06 00:00:00+00:00,Вінницька область,1,1,0,0
2026-02-06 00:00:00+00:00,Львівська область,1,1,0,0
2026-02-06 00:00:00+00:00,Рівненська область,1,1,0,0
2026-02-11 00:00:00+00:00,Дніпропетровська область,1,1,0,0
2026-02-11 00:00:00+00:00,Київська область,1,1,0,0
2026-02-11 00:00:00+00:00,Одеська область,1,1,0,0
2026-02-11 00:00:00+00:00,Харківська область,1,1,0,0
2026-02-16 00:00:00+00:00,Івано-Франківська область,1,1,0,0
2026-02-16 00:00:00+00:00,Дніпропетровська область,1,1,0,0
2026-02-16 00:00:00+00:00,Донецька область,1,1,0,0
2026-02-16 00:00:00+00:00,Запорізька область,1,1,0,0
2026-02-16 00:00:00+00:00,Львівська область,1,1,0,0
2026-02-16 00:00:00+00:00,Одеська область,1,1,0,0
2026-02-16 00:00:00+00:00,Харківська область,1,1,0,0
2026-02-21 00:00:00+00:00,Київська область,1,1,0,0
2026-02-21 00:00:00+00:00,Кіровоградська область,1,1,0,0
2026-02-21 00:00:00+00:00,Одеська область,1,1,0,0
2026-02-21 00:00:00+00:00,Полтавська область,1,1,0,0
2026-03-06 00:00:00+00:00,Житомирська область,1,1,0,0
2026-03-06 00:00:00+00:00,Київська область,1,1,0,0
2026-03-06 00:00:00+00:00,Харківська область,1,1,0,0
2026-03-06 00:00:00+00:00,Хмельницька область,1,1,0,0
2026-03-06 00:00:00+00:00,Чернівецька область,1,1,0,0
2026-03-13 00:00:00+00:00,Київська область,1,1,0,0
2026-03-15 00:00:00+00:00,Запорізька область,1,1,0,0
2026-03-15 00:00:00+00:00,Київська область,1,1,0,0
2026-03-15 00:00:00+00:00,Одеська область,1,1,0,0
2026-03-23 00:00:00+00:00,Івано-Франківська область,1,1,0,0
2026-03-23 00:00:00+00:00,Донецька область,1,1,0,0
2026-03-23 00:00:00+00:00,Запорізька область,1,1,0,0
2026-03-23 00:00:00+00:00,Київська область,1,1,0,0
2026-03-23 00:00:00+00:00,Одеська область,1,1,0,0
2026-03-23 00:00:00+00:00,Полтавська область,1,1,0,0
2026-03-23 00:00:00+00:00,Сумська область,1,1,0,0
2026-03-23 00:00:00+00:00,Чернігівська область,1,1,0,0
2026-03-27 00:00:00+00:00,Одеська область,1,1,0,0
2026-04-24 00:00:00+00:00,Дніпропетровська область,1,1,0,0
2026-04-24 00:00:00+00:00,Київська область,1,1,0,0
2026-04-24 00:00:00+00:00,Одеська область,1,1,0,0
2026-04-24 00:00:00+00:00,Сумська область,1,1,0,0
2026-04-24 00:00:00+00:00,Харківська область,1,1,0,0
2026-04-24 00:00:00+00:00,Чернігівська область,1,1,0,0
2026-05-13 00:00:00+00:00,Київська область,1,1,0,0
2026-05-17 00:00:00+00:00,Дніпропетровська область,1,1,0,0
2026-05-17 00:00:00+00:00,Запорізька область,1,1,0,0
2026-05-17 00:00:00+00:00,Одеська область,1,1,0,0
2026-05-17 00:00:00+00:00,Чернігівська область,1,1,0,0
2026-05-23 00:00:00+00:00,Київська область,1,1,0,0
2026-06-01 00:00:00+00:00,Дніпропетровська область,1,1,0,0
2026-06-01 00:00:00+00:00,Запорізька область,1,1,0,0
2026-06-01 00:00:00+00:00,Київська область,1,1,0,0
2026-06-01 00:00:00+00:00,Полтавська область,1,1,0,0
2026-06-01 00:00:00+00:00,Харківська область,1,1,0,0
2026-06-14 00:00:00+00:00,Київська область,1,1,0,0
2026-07-01 00:00:00+00:00,Київська область,1,1,0,0
2026-07-05 00:00:00+00:00,Київська область,1,1,0,0
2026-07-17 00:00:00+00:00,Одеська область,1,1,0,0
2026-07-18 00:00:00+00:00,Київська область,1,1,0,0
2026-07-29 00:00:00+00:00,Івано-Франківська область,1,1,0,0
2026-07-29 00:00:00+00:00,Вінницька область,1,1,0,0
2026-07-29 00:00:00+00:00,Дніпропетровська область,1,1,0,0
2026-07-29 00:00:00+00:00,Київська область,1,1,0,0
2026-07-29 00:00:00+00:00,Львівська область,1,1,0,0
2026-07-29 00:00:00+00:00,Миколаївська область,1,1,0,0
2026-07-29 00:00:00+00:00,Полтавська область,1,1,0,0
2026-07-29 00:00:00+00:00,Сумська область,1,1,0,0
2026-07-31 00:00:00+00:00,Дніпропетровська область,1,1,0,0
2026-07-31 00:00:00+00:00,Київська область,1,1,0,0
2026-07-31 00:00:00+00:00,Полтавська область,1,1,0,0
2026-07-31 00:00:00+00:00,Сумська область,1,1,0,0
2026-07-31 00:00:00+00:00,Харківська область,1,1,0,0
2026-08-04 00:00:00+00:00,Київська область,1,1,0,0
2026-08-08 00:00:00+00:00,Одеська область,1,1,0,0
2026-08-10 00:00:00+00:00,Запорізька область,1,1,0,0
2026-08-10 00:00:00+00:00,Київська область,1,1,0,0
2026-08-11 00:00:00+00:00,Одеська область,1,1,0,0
2026-08-11 00:00:00+00:00,Сумська область,1,1,0,0
2026-08-15 00:00:00+00:00,Дніпропетровська область,1,1,0,0
2026-08-15 00:00:00+00:00,Київська область,1,1,0,0
2026-08-15 00:00:00+00:00,Полтавська область,1,1,0,0
2026-08-18 00:00:00+00:00,Київська область,1,1,0,0
2026-08-19 00:00:00+00:00,Київська область,1,1,0,0
2026-08-21 00:00:00+00:00,Київська область,1,1,0,0
2026-08-21 00:00:00+00:00,Одеська область,1,1,0,0
2026-08-23 00:00:00+00:00,Одеська область,1,1,0,0
2026-08-26 00:00:00+00:00,Дніпропетровська область,1,1,0,0
2026-08-26 00:00:00+00:00,Запорізька область,1,1,0,0
2026-08-26 00:00:00+00:00,Київська область,1,1,0,0
2026-08-26 00:00:00+00:00,Одеська область,1,1,0,0
2026-08-26 00:00:00+00:00,Полтавська область,1,1,0,0
2026-08-31 00:00:00+00:00,Київська область,1,1,0,0
2026-08-31 00:00:00+00:00,Одеська область,1,1,0,0
2026-09-01 00:00:00+00:00,Київська область,1,1,0,0
2026-09-01 00:00:00+00:00,Одеська область,1,1,0,0
2026-09-07 00:00:00+00:00,Київська область,1,1,0,0
2026-09-07 00:00:00+00:00,Одеська область,1,1,0,0
2026-09-11 00:00:00+00:00,Одеська область,1,1,0,0
2026-09-13 00:00:00+00:00,Одеська область,1,1,0,0
2026-09-14 00:00:00+00:00,Одеська область,1,1,0,0
2026-09-15 00:00:00+00:00,Миколаївська область,1,1,0,0
2026-09-16 00:00:00+00:00,Запорізька область,1,1,0,0
2026-09-16 00:00:00+00:00,Київська область,1,1,0,0
2026-09-16 00:00:00+00:00,Одеська область,2,2,0,0
2026-09-17 00:00:00+00:00,Одеська область,1,1,0,0
2026-09-18 00:00:00+00:00,Київська область,1,1,0,0
2026-09-18 00:00:00+00:00,Одеська область,2,2,0,0
